Rank,Player,Time,Version,Date
1st,kusaan,1h 54m 39s 564ms,Digital,2 weeks ago
2nd,おれより下のやつたこ,1h 56m 29s 329ms,Digital,1 year ago
3rd,HitsujiOmochi,1h 56m 42s 866ms,Digital,1 year ago
4th,Nana007,1h 57m 26s,Digital,2 years ago
5th,MKTheo,1h 57m 38s,Cartridge,4 days ago
6th,hatasako,1h 57m 39s 019ms,Digital,1 month ago
7th,ぎぞく,1h 57m 43s,Digital,1 year ago
8th,Pianist15,1h 57m 50s,Digital,1 year ago
9th,tossy_XD,1h 57m 57s 430ms,Digital,2 months ago
10th,Leo_oo,1h 58m 26s,Digital,3 years ago
11th,Sebaslove,1h 58m 36s 035ms,Digital,1 year ago
12th,Samovar,1h 58m 37s,Cartridge,7 months ago
13th,Hernán,1h 58m 41s,Cartridge,1 year ago
14th,marcia,1h 58m 47s 768ms,Digital,1 year ago
15th,ItzCharzPlayz,1h 58m 54s,Digital,7 months ago
16th,CC_,1h 59m 04s,Digital,2 years ago
17th,YFM.mx,1h 59m 08s,Cartridge,2 years ago
18th,Steeler,1h 59m 12s,Digital,8 months ago
19th,yama12,1h 59m 29s,Digital,1 week ago
20th,owo,1h 59m 30s 640ms,Digital,4 months ago
21st,VikeMK,1h 59m 37s 776ms,Digital,11 months ago
22nd,Applepieapplepa,1h 59m 41s,Cartridge,1 month ago
23rd,Shield,1h 59m 46s,Digital,2 years ago
23rd,Sakeronian,1h 59m 46s,Cartridge,1 year ago
25th,Mooseman_Videos,1h 59m 47s,Digital,11 months ago
26th,Cj_mcc,1h 59m 47s 011ms,Digital,9 months ago
27th,Nicolasreci,1h 59m 55s,Digital,2 years ago
28th,Mooden2,1h 59m 57s,Digital,1 year ago
29th,ruru,2h 00m 00s,Digital,1 year ago
30th,KUWA,2h 00m 06s,Digital,11 months ago
31st,zhxyzfg,2h 00m 12s 490ms,Digital,4 days ago
32nd,Oppa24,2h 00m 19s,Cartridge,1 year ago
33rd,coolguy219,2h 00m 21s 002ms,Digital,8 months ago
34th,LuckwurstJoe,2h 00m 21s 403ms,Digital,7 months ago
35th,Boo_MK8DX,2h 00m 37s,Cartridge,2 months ago
36th,AngelMk,2h 00m 38s,Cartridge,2 years ago
37th,Shintsu,2h 00m 46s 170ms,Digital,11 months ago
38th,UchihaMadao,2h 00m 49s 910ms,Digital,1 year ago
39th,Draco655,2h 00m 50s,Digital,3 years ago
40th,Cantemor,2h 00m 56s 690ms,Cartridge,1 month ago
41st,CaptainHeeHaw,2h 01m 02s 150ms,Digital,10 months ago
42nd,9umber9ine,2h 01m 02s 800ms,Digital,2 months ago
43rd,SliverRK,2h 01m 10s,Cartridge,2 years ago
43rd,WaiLToR,2h 01m 10s,Cartridge,1 year ago
45th,IngloriousSamuel,2h 01m 11s 500ms,Cartridge,9 months ago
46th,Jelledot,2h 01m 18s,Cartridge,3 years ago
47th,LiaraLili,2h 01m 31s 120ms,Cartridge,1 year ago
48th,Pi_r_ick,2h 01m 56s 089ms,Cartridge,3 days ago
49th,Renaissance,2h 02m 07s,Digital,3 weeks ago
50th,Jak679,2h 02m 09s,Cartridge,2 years ago
51st,AlexWBoss,2h 02m 22s,Cartridge,11 months ago
52nd,Matthew.G,2h 02m 27s,Cartridge,2 years ago
53rd,Shizuka,2h 02m 36s 800ms,Cartridge,2 months ago
54th,RobertoMK,2h 02m 42s,Cartridge,2 years ago
55th,Minitoad,2h 02m 49s 031ms,Digital,2 months ago
56th,Mio19298,2h 02m 52s,Cartridge,3 years ago
57th,jetliner,2h 02m 54s,Cartridge,2 months ago
58th,goet999,2h 03m 02s,Digital,4 months ago
59th,T0ki,2h 03m 10s 589ms,Digital,1 month ago
60th,yuryuF,2h 03m 12s 036ms,Digital,3 months ago
61st,aka_ShimiZ,2h 03m 17s,Cartridge,2 years ago
62nd,tuNa145120,2h 03m 22s,Digital,3 weeks ago
63rd,PandaTempest,2h 03m 25s,Cartridge,2 years ago
64th,Japsiman,2h 03m 37s 490ms,Cartridge,2 months ago
65th,Nico4132,2h 03m 40s,Cartridge,9 months ago
66th,shredberg,2h 03m 41s,Digital,9 months ago
67th,Tatchan_RTA,2h 03m 56s 050ms,Cartridge,4 weeks ago
68th,Vinyl7th,2h 04m 00s,Digital,3 years ago
69th,Masa.jp,2h 04m 12s 047ms,Digital,1 month ago
70th,Auphonium,2h 04m 15s 440ms,Cartridge,11 months ago
71st,ForsakenProto,2h 04m 17s 012ms,Digital,11 months ago
72nd,Gohanneton,2h 04m 22s,Cartridge,2 weeks ago
73rd,McLarenC4,2h 04m 23s 017ms,Cartridge,8 months ago
74th,bluebirdkart,2h 04m 24s 690ms,Cartridge,4 months ago
75th,Elder_Sahasrahla,2h 04m 33s,Cartridge,2 years ago
76th,Dagnel,2h 04m 38s,Digital,2 years ago
77th,GHOSTDEATH,2h 04m 52s,Digital,10 months ago
78th,MASONDELUXE,2h 04m 53s 550ms,Digital,1 month ago
79th,FE_SLaDe,2h 05m 08s 091ms,Digital,1 month ago
80th,RexBmx,2h 05m 17s,Cartridge,7 months ago
81st,MysticNick,2h 05m 22s,Cartridge,1 year ago
82nd,Duvangrgata1,2h 05m 25s,Cartridge,2 years ago
83rd,AyatakanEX,2h 05m 25s 039ms,Digital,1 year ago
84th,Oh_Snap,2h 05m 27s,Digital,3 years ago
85th,Volto,2h 05m 29s 260ms,Cartridge,1 year ago
86th,flow314,2h 05m 37s,Cartridge,6 months ago
86th,Kiwizkat,2h 05m 37s,Digital,1 month ago
88th,clehhar,2h 05m 40s 500ms,Cartridge,5 days ago
89th,quo,2h 05m 43s,Digital,1 year ago
90th,Jmdg13,2h 05m 44s,Cartridge,4 months ago
91st,kirabosi,2h 05m 46s 068ms,Digital,2 months ago
92nd,NebULa717,2h 05m 48s 090ms,Cartridge,8 months ago
93rd,AlfonGD,2h 05m 49s 583ms,Digital,3 months ago
94th,rokuroku,2h 05m 52s,Digital,2 weeks ago
95th,Sade_Skirata,2h 05m 53s 059ms,Digital,7 months ago
96th,Veeharos,2h 05m 53s 550ms,Cartridge,10 months ago
97th,NachoBrado,2h 06m 01s,Digital,1 year ago
98th,hiro_RTAenjoy,2h 06m 02s 500ms,Digital,2 months ago
99th,Sebold13,2h 06m 10s,Cartridge,3 years ago
100th,Drfjgjbu,2h 06m 13s 088ms,Digital,1 month ago
101st,Wannabebassist2,2h 06m 15s,Digital,3 years ago
102nd,MarsensDomain,2h 06m 19s,Digital,2 years ago
103rd,GazzBanana,2h 06m 35s 730ms,Digital,8 months ago
104th,TSOT,2h 06m 38s,Cartridge,11 months ago
105th,Vrumpt,2h 06m 42s,Cartridge,3 years ago
106th,robk,2h 06m 55s 017ms,Cartridge,10 months ago
107th,Jamie_McPartlin,2h 06m 58s,Cartridge,2 years ago
108th,Arknei,2h 07m 02s,Digital,2 years ago
109th,BigRedN,2h 07m 09s,Cartridge,2 years ago
110th,The_Groovitude,2h 07m 11s,Cartridge,1 year ago
111th,Marques64,2h 07m 11s 077ms,Cartridge,8 months ago
112th,Sadaghem,2h 07m 14s,Cartridge,2 years ago
113th,Chikorita,2h 07m 15s,Cartridge,2 years ago
113th,Modest,2h 07m 15s,Cartridge,7 months ago
115th,yesdeego,2h 07m 30s 590ms,Digital,3 months ago
116th,Tiger_Lotus,2h 07m 34s,Cartridge,2 years ago
117th,mini_ben,2h 07m 36s,Cartridge,1 week ago
118th,Lchrist26,2h 07m 49s,Digital,1 week ago
119th,Lethalethan,2h 07m 52s 390ms,Digital,8 months ago
120th,Schnauzer,2h 07m 53s,Cartridge,2 years ago
121st,Tungsten,2h 07m 54s 000ms,Cartridge,8 months ago
122nd,TheSammyB,2h 07m 58s,Cartridge,2 years ago
123rd,ROV,2h 07m 59s 057ms,Cartridge,9 months ago
124th,PurkisM,2h 08m 03s,Cartridge,3 years ago
125th,RGamer67,2h 08m 10s,Digital,8 months ago
126th,YurrW,2h 08m 10s 057ms,Cartridge,1 month ago
127th,Ninow,2h 08m 15s 090ms,Cartridge,5 days ago
128th,Dimpossum4,2h 08m 18s,Cartridge,2 years ago
128th,Shemcat,2h 08m 18s,Cartridge,9 months ago
130th,MrSnipp,2h 08m 22s,Cartridge,11 months ago
131st,Faroa,2h 08m 26s,Digital,2 years ago
132nd,Gloupi,2h 08m 30s 035ms,Cartridge,11 months ago
133rd,Nssn78,2h 08m 30s 057ms,Digital,3 days ago
134th,JiPa03,2h 08m 30s 092ms,Cartridge,9 months ago
135th,IIFirenII,2h 08m 33s 880ms,Cartridge,1 year ago
136th,Firestar3685,2h 08m 36s 640ms,Cartridge,7 months ago
137th,jawzsy,2h 08m 37s 583ms,Cartridge,4 months ago
138th,Side-B,2h 08m 40s 052ms,Cartridge,6 months ago
139th,arthro2571,2h 08m 45s,Digital,1 year ago
140th,CrazyCalv,2h 08m 49s,Cartridge,7 months ago
141st,sean21football,2h 08m 49s 074ms,Digital,8 months ago
142nd,xGodPhillipk,2h 08m 53s 450ms,Cartridge,1 year ago
143rd,luca4735,2h 08m 55s,Cartridge,11 months ago
144th,Meawch,2h 09m 05s 610ms,Cartridge,3 months ago
145th,Gamonymous,2h 09m 06s,Cartridge,2 years ago
145th,Kitcot,2h 09m 06s,Digital,7 months ago
147th,G3neziz,2h 09m 08s,Digital,3 years ago
148th,curlyfry,2h 09m 10s 039ms,Cartridge,9 months ago
149th,Kenny3D,2h 09m 12s,Cartridge,3 years ago
150th,NDSpam,2h 09m 14s 067ms,Cartridge,8 months ago
151st,GRBean,2h 09m 17s 058ms,Digital,3 months ago
152nd,GrantimusPrime90,2h 09m 22s 073ms,Digital,11 months ago
153rd,CamoN1nja,2h 09m 22s 780ms,Digital,7 months ago
154th,EcoZipy,2h 09m 23s,Digital,2 years ago
155th,TheDogSpider,2h 09m 28s,Cartridge,1 year ago
156th,Jumpshott,2h 09m 29s,Digital,1 year ago
157th,Powerofdan,2h 09m 30s,Digital,1 month ago
158th,Cimme,2h 09m 33s,Cartridge,2 years ago
159th,Fouger3,2h 09m 38s,Cartridge,1 week ago
160th,ZoaB,2h 09m 40s 063ms,Cartridge,1 month ago
161st,Holdinferd,2h 09m 43s 690ms,Cartridge,3 months ago
162nd,MattyPlays,2h 09m 46s,Cartridge,1 year ago
163rd,Emerno,2h 09m 49s,Cartridge,2 years ago
164th,Joshimuz,2h 09m 52s,Cartridge,2 years ago
164th,jacobrobert0,2h 09m 52s,Digital,8 months ago
166th,Azluk,2h 09m 55s 001ms,Digital,4 months ago
167th,ShrimpiiBoii,2h 09m 56s 660ms,Cartridge,1 year ago
168th,Heddo,2h 09m 57s 950ms,Digital,2 months ago
169th,NicolasJHomsi,2h 10m 03s 004ms,Digital,2 months ago
170th,Rubick,2h 10m 05s,Cartridge,2 years ago
171st,Ofreo,2h 10m 07s 800ms,Cartridge,6 days ago
172nd,MayaChan,2h 10m 09s 700ms,Cartridge,7 months ago
173rd,eternitykodex,2h 10m 11s,Cartridge,11 months ago
174th,Xeno_44,2h 10m 16s 017ms,Cartridge,2 days ago
175th,BucketPls,2h 10m 25s,Digital,2 years ago
176th,FieryXIcy,2h 10m 27s,Cartridge,2 years ago
177th,JRobs93,2h 10m 29s 070ms,Digital,7 months ago
178th,Astrodam,2h 10m 30s,Cartridge,4 days ago
179th,Tigee_3,2h 10m 33s,Digital,1 year ago
180th,_CMS,2h 10m 35s,Cartridge,1 year ago
181st,2thyfor,2h 10m 42s 084ms,Cartridge,1 year ago
182nd,Ranger_Squid,2h 10m 43s 067ms,Digital,10 months ago
183rd,toyomana,2h 10m 53s,Cartridge,3 years ago
183rd,cjitsallgewd,2h 10m 53s,Cartridge,2 years ago
185th,timswim27,2h 10m 58s 725ms,Cartridge,1 month ago
186th,Skinny_Speedrun,2h 10m 59s,Cartridge,1 year ago
187th,Tazachra,2h 11m 00s 325ms,Cartridge,1 year ago
188th,cauliflower,2h 11m 03s,Digital,7 months ago
188th,Umbie,2h 11m 03s,Digital,1 month ago
190th,Jayez,2h 11m 04s,Digital,1 year ago
191st,xFirespitterx,2h 11m 09s,Digital,1 month ago
192nd,MarkGames,2h 11m 18s 960ms,Cartridge,2 months ago
193rd,Chlamydia,2h 11m 19s,Cartridge,2 years ago
194th,MiP,2h 11m 22s 666ms,Cartridge,3 months ago
195th,maraboto95,2h 11m 34s,Cartridge,3 years ago
195th,MyGuyRDB,2h 11m 34s,Cartridge,2 years ago
197th,Laxenarde,2h 11m 36s,Cartridge,11 months ago
198th,SittingDucks,2h 11m 38s 019ms,Cartridge,7 months ago
199th,voidedifbroken,2h 11m 41s,Digital,11 months ago
200th,ChadlitJr.,2h 11m 44s,Cartridge,1 month ago
201st,Destroyerxxx,2h 11m 45s,Digital,2 years ago
202nd,Emberhoof,2h 11m 47s,Cartridge,7 months ago
203rd,LAngENoshii,2h 11m 57s,Cartridge,1 year ago
204th,xerneas-yveltal,2h 11m 59s,Cartridge,7 months ago
205th,CopperCC,2h 12m 05s,Cartridge,4 months ago
206th,goodevesning,2h 12m 08s 096ms,Cartridge,2 months ago
207th,Seth-Rah,2h 12m 14s,Digital,2 years ago
208th,zxKyler,2h 12m 24s 870ms,Cartridge,7 months ago
209th,JingleGround,2h 12m 28s 077ms,Cartridge,4 months ago
210th,Smithy1294,2h 12m 28s 097ms,Digital,8 months ago
211th,Violin,2h 12m 29s,Cartridge,2 years ago
212th,Me_Tube,2h 12m 34s 720ms,Cartridge,1 year ago
213th,AGallonofMilk,2h 12m 44s,Cartridge,1 year ago
214th,kalarse,2h 12m 45s,Digital,10 months ago
215th,Bobkas420,2h 12m 47s 073ms,Digital,1 month ago
216th,dragin,2h 12m 50s,Digital,11 months ago
217th,usedid94,2h 12m 50s 034ms,Cartridge,9 months ago
218th,Viviana,2h 13m 02s,Cartridge,3 years ago
219th,TheRairi,2h 13m 03s,Cartridge,11 months ago
220th,Raineykins,2h 13m 10s,Digital,2 years ago
221st,Avalon,2h 13m 10s 550ms,Cartridge,1 year ago
222nd,GhostSenpai,2h 13m 16s,Cartridge,11 months ago
223rd,FlipK1cky,2h 13m 20s,Cartridge,7 months ago
224th,mr_passion,2h 13m 35s,Cartridge,6 days ago
225th,Bauer_Braunsi,2h 13m 38s,Cartridge,10 months ago
226th,romulostx,2h 13m 40s,Cartridge,3 years ago
227th,Lluma,2h 13m 56s 943ms,Cartridge,1 month ago
228th,YoshiBaka16,2h 14m 10s 019ms,Cartridge,5 months ago
229th,Scooter702,2h 14m 24s,Cartridge,2 months ago
230th,surfinLee,2h 14m 28s 650ms,Cartridge,8 months ago
231st,YoniArousement,2h 14m 31s,Digital,2 years ago
232nd,Gjfalcon,2h 14m 49s 005ms,Cartridge,4 months ago
233rd,HarrisonCRunner,2h 15m 00s,Cartridge,1 year ago
234th,xJasonPlays,2h 15m 05s 910ms,Cartridge,1 year ago
235th,TimeForMars,2h 15m 09s,Cartridge,3 months ago
236th,delcaMX,2h 15m 10s,Cartridge,3 years ago
237th,Jai11,2h 15m 10s 033ms,Cartridge,6 months ago
238th,stavoAD,2h 15m 10s 055ms,Digital,11 months ago
239th,SSteamboat44,2h 15m 12s 374ms,Digital,8 months ago
240th,Seedy,2h 15m 13s,Cartridge,4 months ago
241st,Fenna,2h 15m 25s 093ms,Cartridge,9 months ago
242nd,ObscurEnvy,2h 15m 41s 442ms,Digital,11 months ago
243rd,Kramkraft,2h 15m 54s,Cartridge,11 months ago
244th,m.vick_prisonedition,2h 15m 57s,Cartridge,2 years ago
245th,SMMIAN,2h 15m 59s,Cartridge,3 years ago
246th,banhibanhi,2h 16m 01s,Digital,1 year ago
247th,Swagons,2h 16m 14s,Cartridge,2 years ago
248th,smartalec24,2h 16m 32s,Cartridge,1 year ago
249th,SingingAssassin,2h 16m 46s 270ms,Digital,1 year ago
250th,NabbitGamer,2h 16m 51s 770ms,Cartridge,3 months ago
251st,Senekoa,2h 16m 52s 206ms,Digital,7 months ago
252nd,Andrick11,2h 17m 00s,Digital,2 weeks ago
253rd,jacoby531,2h 17m 15s 360ms,Cartridge,1 year ago
254th,sanity1123,2h 17m 44s 470ms,Digital,5 months ago
255th,Raindrop63,2h 17m 54s 071ms,Digital,10 months ago
256th,Jaedentothefuture,2h 17m 55s 001ms,Cartridge,6 months ago
257th,Jdub234,2h 18m 23s,Digital,2 years ago
258th,ancientdr4gon,2h 18m 50s,Cartridge,1 month ago
259th,kenkenRTA,2h 19m 23s 410ms,Digital,3 weeks ago
260th,ThalVatti,2h 19m 35s,Cartridge,2 years ago
261st,OddPandemonium,2h 19m 48s 234ms,Cartridge,8 months ago
262nd,Squeddie,2h 20m 07s 086ms,Digital,9 months ago
263rd,Shazin,2h 20m 25s 027ms,Digital,6 months ago
264th,Cuddler5000_XD,2h 20m 28s 061ms,Cartridge,9 months ago
265th,Gandalf3476,2h 20m 36s 960ms,Cartridge,1 year ago
266th,AntBlueR,2h 21m 01s,Cartridge,3 weeks ago
267th,Spinning_Banner,2h 21m 28s,Cartridge,3 weeks ago
268th,GoomBayPacker,2h 22m 19s,Cartridge,4 months ago
269th,weirdsss,2h 23m 56s 516ms,Cartridge,2 months ago
270th,Its_Lucy_Goosey,2h 25m 07s 333ms,Cartridge,4 months ago
271st,Scootx123,2h 26m 16s 012ms,Digital,7 months ago
272nd,Reni,2h 27m 30s,Cartridge,7 months ago
273rd,Waluigiodessey,2h 28m 08s 052ms,Cartridge,9 months ago
274th,VIDEOGAMER20,2h 28m 25s,Cartridge,6 months ago
275th,derrykyle,2h 34m 05s,Digital,1 year ago
276th,JPJoker01,2h 39m 33s 066ms,Cartridge,4 months ago
277th,TheIceTubeLC,2h 58m 23s 026ms,Cartridge,6 months ago
278th,Macey_Keeley,2h 59m 14s 061ms,Cartridge,4 months ago
279th,Stormyspeedruns,3h 18m 49s 064ms,Cartridge,4 months ago
280th,Harveya1a,6h 02m 23s,Digital,1 year ago
281st,elihog08,10h 22m 03s,Digital,6 months ago