Rank,Player,Time,Verified,Platform,Date
1st,Dwhatever,46m 59s,Yes,N64,9 months ago
2nd,Taggo,47m 18s,Yes,N64,4 months ago
3rd,Weegee,47m 22s,Yes,N64,4 months ago
4th,puncayshun,47m 23s,Yes,N64,1 year ago
5th,cheese,47m 34s,Yes,N64,3 years ago
6th,Biinny,47m 39s,Yes,N64,7 months ago
7th,Xoofey,47m 46s,Yes,N64,7 months ago
8th,ikori_o,47m 55s,Yes,N64,1 year ago
8th,Goldrush,47m 55s,Yes,N64,11 months ago
10th,Benji64,47m 58s,Yes,N64,1 month ago
11th,BlueBob,48m 12s,Yes,N64,2 days ago
12th,batora,48m 14s,Yes,N64,4 years ago
12th,Paracusia,48m 14s,Yes,N64,1 year ago
14th,Xiah,48m 16s,Yes,N64,4 years ago
15th,Gainai,48m 17s,Yes,N64,7 months ago
16th,V1RO,48m 20s,Yes,N64,2 years ago
17th,Hayato,48m 22s,Yes,N64,3 years ago
18th,simply,48m 23s,Yes,N64,8 months ago
18th,hokorobi,48m 23s,Yes,N64,2 weeks ago
20th,Liam,48m 24s,Yes,N64,2 years ago
20th,Dowsky,48m 24s,Yes,N64,1 year ago
22nd,darkdog47,48m 25s,Yes,N64,2 months ago
23rd,Dezanig,48m 38s,Yes,N64,3 years ago
24th,Kyman,48m 39s,Yes,N64,3 years ago
25th,Flixer,48m 42s,Yes,N64,1 month ago
26th,Karin,48m 44s,Yes,N64,11 months ago
27th,Animazism,48m 45s,No,N64,4 years ago
28th,toastrider91,48m 49s,Yes,N64,2 years ago
28th,kagami,48m 49s,Yes,N64,3 weeks ago
30th,phantaxx,48m 55s,Yes,N64,3 years ago
30th,Fafel,48m 55s,Yes,N64,10 months ago
32nd,alextolio,48m 57s,Yes,N64,5 years ago
33rd,Haliinen,49m 01s,Yes,N64,5 years ago
34th,Akira,49m 03s,Yes,N64,4 years ago
35th,lunarjump,49m 05s,Yes,N64,2 years ago
36th,luke994,49m 07s,Yes,N64,5 years ago
36th,JJsrl,49m 07s,Yes,N64,1 year ago
38th,siglemic,49m 09s,Yes,N64,8 years ago
38th,chubby,49m 09s,Yes,N64,10 months ago
40th,RockChalk19,49m 10s,Yes,N64,2 years ago
40th,bev_prune_,49m 10s,Yes,N64,3 weeks ago
42nd,groovy31,49m 11s,Yes,N64,2 years ago
43rd,Souli,49m 13s,Yes,N64,11 months ago
44th,Widdit,49m 16s,Yes,N64,1 month ago
45th,Drogie,49m 18s,Yes,N64,1 year ago
45th,Xein64,49m 18s,Yes,N64,1 month ago
47th,Mitagi,49m 19s,Yes,N64,3 years ago
48th,ZDeztroyerz,49m 20s,Yes,N64,5 years ago
48th,Dekudude,49m 20s,Yes,N64,3 days ago
50th,nero_x2,49m 22s,Yes,N64,6 years ago
51st,Moose,49m 24s,Yes,N64,2 months ago
52nd,GothicLogic,49m 25s,Yes,N64,1 year ago
53rd,Custom,49m 28s,Yes,N64,4 years ago
54th,Tabascoth,49m 29s,Yes,N64,1 year ago
55th,akki,49m 33s,Yes,N64,2 years ago
55th,saksdal,49m 33s,Yes,N64,1 year ago
57th,ClintStevens,49m 34s,Yes,N64,8 months ago
57th,SeanRaider,49m 34s,Yes,N64,4 months ago
59th,Waz,49m 36s,No,N64,5 years ago
60th,Tama,49m 38s,Yes,N64,1 year ago
60th,taylor3311,49m 38s,Yes,N64,2 months ago
62nd,Yale,49m 39s,Yes,N64,1 year ago
63rd,SuperViperT302,49m 40s,Yes,N64,1 year ago
63rd,protoman5,49m 40s,Yes,N64,1 year ago
63rd,Gerbiez,49m 40s,Yes,N64,2 months ago
66th,badroenis,49m 41s,Yes,N64,2 weeks ago
67th,Honey,49m 42s,Yes,N64,9 years ago
68th,Deftek,49m 46s,Yes,N64,6 years ago
69th,KobrahCJ,49m 47s,Yes,N64,2 years ago
70th,Melty,49m 48s,Yes,N64,4 years ago
70th,turara32767,49m 48s,Yes,N64,1 year ago
70th,kryptic80,49m 48s,Yes,N64,2 months ago
73rd,GUTOA,49m 49s,Yes,N64,5 years ago
73rd,timlittlefree,49m 49s,Yes,N64,2 years ago
75th,Heisenburger,49m 50s,Yes,N64,2 years ago
76th,m_vitor,49m 52s,Yes,N64,1 year ago
77th,thags15,49m 53s,Yes,N64,4 months ago
78th,Schnoz64,49m 54s,Yes,N64,3 months ago
79th,gohanie,49m 55s,Yes,N64,5 years ago
79th,Codo,49m 55s,Yes,N64,4 years ago
79th,CartoonBuffoon,49m 55s,Yes,N64,1 year ago
79th,joerandom,49m 55s,Yes,N64,9 months ago
83rd,PKT_Distinct,49m 56s,Yes,N64,7 months ago
83rd,dinkyslinky,49m 56s,Yes,N64,5 months ago
85th,m0m0,49m 57s,Yes,N64,1 year ago
86th,ChipGroove,49m 59s,Yes,N64,1 month ago
87th,dongerduck,50m 00s,Yes,N64,1 month ago
87th,Eyrik,50m 00s,Yes,N64,3 weeks ago
89th,Armada,50m 02s,Yes,N64,3 days ago
90th,Alkobakknarko,50m 04s,Yes,N64,3 years ago
90th,Creator_Destroyer,50m 04s,Yes,N64,2 years ago
92nd,bebopbandit,50m 05s,Yes,N64,7 months ago
92nd,jane_dair,50m 05s,Yes,N64,6 months ago
94th,pete,50m 06s,Yes,N64,1 year ago
95th,Kally,50m 12s,Yes,N64,3 weeks ago
95th,jaquarium,50m 12s,Yes,N64,3 weeks ago
95th,ThatDrunkenDwarf,50m 12s,Yes,N64,2 weeks ago
98th,mercredi,50m 13s,Yes,N64,3 weeks ago
99th,Wilko,50m 17s,Yes,N64,1 month ago
100th,Hampern,50m 19s,No,N64,6 years ago
101st,pobo,50m 20s,Yes,N64,6 years ago
101st,Frost_Byte,50m 20s,Yes,N64,1 month ago
103rd,Copitz,50m 24s,Yes,N64,2 years ago
104th,Fuzzyness,50m 26s,Yes,N64,6 months ago
105th,max25,50m 31s,Yes,N64,8 months ago
106th,Hirabomb,50m 34s,No,N64,6 years ago
107th,Rorinosuke,50m 37s,Yes,N64,6 years ago
108th,Butterlord,50m 39s,Yes,N64,1 month ago
109th,RetroRuns,50m 41s,Yes,N64,1 year ago
110th,Xerint,50m 42s,Yes,N64,4 months ago
111th,Beuca,50m 44s,Yes,N64,2 years ago
111th,HorrorDoesSpeedRuns,50m 44s,Yes,N64,2 weeks ago
113th,NickBluth,50m 46s,Yes,N64,4 days ago
114th,Jaybomb,50m 49s,Yes,N64,1 month ago
115th,dustyrollout,50m 54s,Yes,N64,5 years ago
116th,Toufool,50m 56s,Yes,N64,7 years ago
116th,Shy,50m 56s,Yes,N64,3 years ago
118th,Noizeeh,51m 04s,Yes,N64,6 years ago
118th,Hakasay,51m 04s,Yes,N64,6 months ago
120th,Akiba,51m 10s,Yes,N64,4 years ago
120th,arwyMilo,51m 10s,Yes,N64,3 years ago
122nd,Hatopoppo,51m 12s,Yes,N64,8 years ago
123rd,trevor107,51m 16s,Yes,N64,4 years ago
123rd,Hafus,51m 16s,Yes,N64,1 year ago
125th,Jolteon92,51m 17s,Yes,N64,4 years ago
126th,Descente,51m 18s,Yes,N64,6 years ago
126th,igreil,51m 18s,Yes,N64,4 years ago
126th,markinator99,51m 18s,Yes,N64,4 months ago
129th,Shigeru,51m 20s,Yes,N64,9 years ago
129th,NyZ,51m 20s,No,N64,6 years ago
131st,zalgo,51m 21s,No,N64,9 years ago
132nd,Reil,51m 24s,Yes,N64,7 years ago
132nd,TheDarkmanWs,51m 24s,Yes,N64,7 years ago
134th,Rigby,51m 25s,Yes,N64,8 months ago
135th,skuzzi,51m 26s,Yes,N64,3 years ago
135th,kumasyatyou,51m 26s,Yes,N64,3 years ago
137th,Lluuccuuss,51m 28s,Yes,N64,5 years ago
137th,bromario28,51m 28s,Yes,N64,2 years ago
139th,Squid,51m 30s,Yes,N64,2 years ago
140th,ryou,51m 32s,Yes,N64,6 years ago
140th,alaris,51m 32s,Yes,N64,1 year ago
142nd,SimpleFlips,51m 33s,Yes,N64,4 years ago
143rd,Hisu,51m 34s,Yes,N64,9 years ago
144th,Redd,51m 35s,Yes,N64,2 weeks ago
145th,eleesuh,51m 37s,Yes,N64,1 month ago
146th,Tapioca,51m 38s,Yes,N64,9 years ago
147th,Seanzy,51m 39s,Yes,N64,6 years ago
148th,sicko,51m 42s,No,N64,7 years ago
149th,Rorotto,51m 43s,Yes,N64,6 years ago
150th,Wrizzey,51m 44s,Yes,N64,10 months ago
151st,popesquidward,51m 45s,Yes,N64,9 months ago
152nd,Jalapiñecone,51m 48s,Yes,N64,8 months ago
153rd,C.R.H,51m 50s,Yes,N64,8 years ago
153rd,peta,51m 50s,Yes,N64,3 months ago
155th,hellool,51m 51s,Yes,N64,3 years ago
156th,game_complete,51m 52s,Yes,N64,9 months ago
157th,Haru様,51m 53s,Yes,N64,4 years ago
157th,PernaMan64,51m 53s,Yes,N64,1 year ago
157th,GeeniX,51m 53s,Yes,N64,2 weeks ago
160th,Bird650,51m 54s,Yes,N64,7 months ago
161st,Gamiru,51m 55s,Yes,N64,2 years ago
161st,Fuff,51m 55s,Yes,N64,8 months ago
163rd,Vincertain,51m 57s,Yes,N64,3 years ago
163rd,Nanashi745,51m 57s,Yes,N64,7 months ago
165th,wilzo,52m 03s,Yes,N64,4 years ago
166th,mickyyyr,52m 04s,Yes,N64,2 weeks ago
167th,MrJimmysteel25,52m 05s,Yes,N64,1 year ago
167th,soda,52m 05s,Yes,N64,2 months ago
169th,Karyno,52m 08s,Yes,N64,2 months ago
170th,collins_vg,52m 12s,Yes,N64,3 weeks ago
171st,Marteeny,52m 13s,Yes,N64,1 month ago
172nd,Ryou,52m 14s,Yes,N64,3 months ago
173rd,Tyler9698,52m 15s,Yes,N64,4 years ago
174th,HeroicHero702,52m 19s,Yes,N64,4 years ago
174th,Dublin,52m 19s,Yes,N64,3 years ago
176th,5upamayne,52m 20s,Yes,N64,7 years ago
176th,marshmallow.,52m 20s,Yes,N64,4 years ago
176th,Gombill,52m 20s,Yes,N64,2 weeks ago
179th,JazzyChoi1991,52m 22s,Yes,N64,4 years ago
179th,MrMeanMoustache,52m 22s,Yes,N64,1 month ago
181st,Pine,52m 27s,Yes,N64,4 years ago
182nd,mrKerij,52m 30s,Yes,N64,1 year ago
183rd,Seseragi,52m 33s,No,N64,9 years ago
184th,Sura,52m 35s,Yes,N64,8 years ago
184th,Washeyy,52m 35s,Yes,N64,6 years ago
186th,Why,52m 36s,Yes,N64,8 years ago
186th,Copy,52m 36s,Yes,N64,1 year ago
188th,crevasse,52m 39s,Yes,N64,3 years ago
189th,Progji,52m 41s,Yes,N64,8 months ago
190th,Nate,52m 42s,No,N64,7 years ago
190th,kaffelon,52m 42s,Yes,N64,2 years ago
190th,Apeduden,52m 42s,Yes,N64,6 months ago
193rd,Smurfy,52m 43s,Yes,N64,3 years ago
194th,ZEOKU,52m 45s,No,N64,6 years ago
195th,mitcho,52m 46s,Yes,N64,6 years ago
195th,Hako,52m 46s,Yes,N64,5 years ago
197th,ohaithereman,52m 47s,Yes,N64,4 years ago
198th,Marco,52m 48s,Yes,N64,8 months ago
199th,YarvishSaseko,52m 50s,Yes,N64,3 years ago
200th,SteveMassey,52m 52s,Yes,N64,4 years ago
200th,masutakyun,52m 52s,Yes,N64,5 months ago
202nd,Tarai,52m 53s,Yes,N64,6 years ago
203rd,packerzilla,52m 54s,Yes,N64,11 months ago
204th,muto,52m 55s,Yes,N64,4 years ago
205th,Erumo,52m 56s,Yes,N64,9 years ago
206th,Mese,52m 58s,Yes,N64,4 years ago
207th,Lucinovic,52m 59s,Yes,N64,2 months ago
208th,Gombill,53m 02s,Yes,N64,8 years ago
209th,Mothla,53m 04s,Yes,N64,8 years ago
210th,Teguru,53m 05s,No,N64,7 years ago
210th,stevenashe,53m 05s,Yes,N64,8 months ago
212th,disrespectless,53m 06s,Yes,N64,2 years ago
213th,YUKING,53m 07s,Yes,N64,1 year ago
214th,NicolasV,53m 09s,Yes,N64,2 months ago
215th,WaterproofTeabag_,53m 10s,Yes,N64,3 weeks ago
216th,Artemis,53m 12s,Yes,N64,4 months ago
217th,JustinDT,53m 13s,Yes,N64,6 years ago
217th,Lilpuri,53m 13s,Yes,N64,1 month ago
219th,Hafus,53m 16s,Yes,N64,5 years ago
220th,Nitanita,53m 19s,No,N64,
221st,thewhitekong24,53m 20s,Yes,N64,2 years ago
221st,CheesyLeech,53m 20s,Yes,N64,1 week ago
223rd,ClysmiC,53m 21s,Yes,N64,3 years ago
224th,CarlosDaMan,53m 22s,Yes,N64,1 year ago
224th,Keubab,53m 22s,Yes,N64,1 month ago
226th,juuunas,53m 23s,Yes,N64,5 years ago
226th,Guy2308,53m 23s,Yes,N64,2 years ago
226th,CharlieBrown,53m 23s,Yes,N64,2 months ago
229th,caivs,53m 26s,Yes,N64,7 years ago
229th,raybc123,53m 26s,Yes,N64,5 months ago
229th,hugfal055,53m 26s,Yes,N64,2 months ago
232nd,TwitchName,53m 27s,Yes,N64,1 year ago
233rd,MiracleTea,53m 30s,Yes,N64,7 years ago
233rd,Sovlo,53m 30s,Yes,N64,2 years ago
235th,chomsky,53m 35s,Yes,N64,1 month ago
236th,AJLane,53m 38s,Yes,N64,2 months ago
237th,bofa_shuckle,53m 39s,Yes,N64,1 year ago
237th,MisterGuy_,53m 39s,Yes,N64,1 year ago
239th,MrSpeedrun,53m 40s,Yes,N64,3 years ago
239th,Tomtendo,53m 40s,Yes,N64,3 years ago
241st,grb,53m 42s,Yes,N64,3 years ago
242nd,Skaredogged97,53m 45s,Yes,N64,5 years ago
243rd,race_out,53m 46s,Yes,N64,5 years ago
244th,Flippy_o,53m 48s,Yes,N64,5 years ago
244th,Mint,53m 48s,Yes,N64,3 years ago
246th,Zruns,53m 49s,No,N64,1 year ago
247th,Chreymd,53m 53s,Yes,N64,2 years ago
248th,jpmadison64,53m 54s,Yes,N64,3 years ago
248th,Oleduden,53m 54s,Yes,N64,2 years ago
248th,AlexGanonSm64,53m 54s,Yes,N64,1 year ago
248th,dumpdome64,53m 54s,Yes,N64,10 months ago
252nd,Watapachi,53m 56s,Yes,N64,3 years ago
252nd,tami,53m 56s,Yes,N64,10 months ago
254th,Serenmew,53m 59s,Yes,N64,4 months ago
255th,kitcarsonn,54m 01s,Yes,N64,6 months ago
256th,Arbliterator,54m 04s,Yes,N64,1 year ago
257th,simesaba0708,54m 07s,Yes,N64,9 months ago
258th,Millnium,54m 12s,Yes,N64,2 years ago
258th,IR,54m 12s,Yes,N64,1 year ago
260th,Kiyo,54m 13s,No,N64,10 years ago
260th,conmangamer22,54m 13s,Yes,N64,11 months ago
262nd,Gana64,54m 14s,No,N64,5 years ago
263rd,jpags,54m 21s,Yes,N64,11 months ago
264th,SShiftonky,54m 25s,Yes,N64,8 years ago
264th,bounceyboy,54m 25s,Yes,N64,3 years ago
264th,N1,54m 25s,Yes,N64,1 year ago
267th,Frozzieris,54m 26s,Yes,N64,2 years ago
268th,Eerit,54m 28s,Yes,N64,3 years ago
269th,SmashBrawler64,54m 29s,Yes,N64,2 years ago
269th,L0W_EFF0RT,54m 29s,Yes,N64,2 weeks ago
271st,Meryl,54m 31s,Yes,N64,4 years ago
271st,Stomr,54m 31s,Yes,N64,1 week ago
273rd,wispx,54m 32s,Yes,N64,2 years ago
273rd,Fizz,54m 32s,Yes,N64,9 months ago
275th,SpittyKitsu,54m 33s,Yes,N64,7 months ago
276th,steveobroil,54m 34s,Yes,N64,3 years ago
277th,Ivan,54m 36s,Yes,N64,1 year ago
277th,All,54m 36s,No,N64,
279th,naji,54m 37s,Yes,N64,3 years ago
279th,Snowman,54m 37s,Yes,N64,3 years ago
279th,Heyzeus,54m 37s,Yes,N64,3 months ago
279th,Area,54m 37s,No,N64,
279th,TAKEN,54m 37s,No,N64,
284th,BewtsyKawlins,54m 38s,Yes,N64,3 years ago
285th,Jebuskiller,54m 40s,,N64,3 years ago
286th,Cillit,54m 43s,Yes,N64,2 years ago
287th,Kyuru,54m 46s,No,N64,9 years ago
287th,mash112,54m 46s,Yes,N64,5 years ago
287th,chosis,54m 46s,Yes,N64,1 year ago
290th,BeastAssassin67,54m 47s,Yes,N64,1 year ago
291st,Masamune,54m 48s,No,N64,7 years ago
292nd,AGR,54m 49s,Yes,N64,4 years ago
293rd,Serialbocks,54m 50s,Yes,N64,7 years ago
294th,FleetingAzure,54m 53s,Yes,N64,2 weeks ago
295th,Toadntoady,54m 54s,Yes,N64,3 years ago
295th,Wareagle1108,54m 54s,Yes,N64,10 months ago
295th,drimys,54m 54s,Yes,N64,1 week ago
298th,GameShark,54m 57s,Yes,N64,2 years ago
299th,Guro,54m 59s,No,N64,8 years ago
299th,moodehh,54m 59s,No,N64,7 years ago