Rank,Player,Time,Verified,Platform,Date
1st,cheese,1h 38m 25s,Yes,N64,1 month ago
2nd,simply,1h 38m 28s,Yes,N64,9 months ago
3rd,puncayshun,1h 38m 32s,Yes,N64,5 days ago
4th,Liam,1h 38m 43s,Yes,N64,11 months ago
5th,batora,1h 38m 48s,Yes,N64,4 days ago
6th,hokorobi,1h 38m 54s,Yes,N64,1 month ago
7th,Taggo,1h 39m 04s,Yes,N64,1 year ago
8th,iso01,1h 39m 25s,Yes,N64,5 days ago
9th,Karin,1h 39m 38s,Yes,N64,4 months ago
9th,Paracusia,1h 39m 38s,Yes,N64,3 weeks ago
11th,Dezanig,1h 39m 39s,Yes,N64,2 months ago
12th,Dwhatever,1h 40m 25s,Yes,N64,1 year ago
13th,Fafel,1h 40m 43s,Yes,N64,3 months ago
14th,ikori_o,1h 40m 44s,Yes,N64,1 year ago
15th,kagami,1h 40m 48s,Yes,N64,1 month ago
16th,Weegee,1h 40m 59s,Yes,N64,3 months ago
17th,BlueBob,1h 41m 24s,Yes,N64,1 year ago
18th,RockChalk19,1h 41m 28s,Yes,N64,1 week ago
19th,Goldrush,1h 41m 43s,Yes,N64,2 months ago
20th,Gainai,1h 41m 53s,Yes,N64,1 week ago
21st,nero_x2,1h 42m 09s,Yes,N64,6 years ago
22nd,groovy31,1h 42m 10s,Yes,N64,2 years ago
23rd,GUTOA,1h 42m 13s,Yes,N64,3 years ago
24th,phantaxx,1h 42m 24s,Yes,N64,2 years ago
25th,akki,1h 42m 26s,Yes,N64,4 months ago
26th,toastrider91,1h 42m 28s,Yes,N64,5 years ago
27th,Kyman,1h 42m 35s,Yes,N64,4 years ago
28th,V1RO,1h 42m 42s,Yes,N64,1 year ago
29th,GothicLogic,1h 42m 44s,Yes,N64,Today
30th,Souli,1h 42m 57s,Yes,N64,1 year ago
31st,taylor3311,1h 43m 12s,Yes,N64,1 month ago
32nd,Drogie,1h 43m 16s,Yes,N64,1 month ago
33rd,Tabascoth,1h 43m 21s,Yes,N64,11 months ago
34th,Akira,1h 43m 23s,Yes,N64,4 years ago
35th,jane_dair,1h 43m 25s,Yes,N64,2 months ago
36th,Descente,1h 43m 30s,Yes,N64,2 years ago
37th,Xoofey,1h 43m 32s,Yes,N64,6 months ago
38th,Haliinen,1h 43m 47s,Yes,N64,5 years ago
38th,Heisenburger,1h 43m 47s,Yes,N64,10 months ago
40th,siglemic,1h 43m 53s,Yes,N64,6 years ago
41st,Flippy_o,1h 43m 55s,Yes,N64,4 years ago
42nd,Deftek,1h 44m 00s,Yes,N64,6 years ago
43rd,chubby,1h 44m 01s,Yes,N64,9 months ago
44th,KobrahCJ,1h 44m 08s,Yes,N64,3 months ago
45th,Melty,1h 44m 15s,Yes,N64,3 weeks ago
46th,Widdit,1h 44m 17s,Yes,N64,8 months ago
47th,Hayato,1h 44m 29s,Yes,N64,3 years ago
47th,bebopbandit,1h 44m 29s,Yes,N64,7 months ago
49th,gohanie,1h 44m 45s,Yes,N64,4 years ago
49th,Mitagi,1h 44m 45s,Yes,N64,3 years ago
51st,Honey,1h 44m 50s,Yes,N64,8 years ago
52nd,badroenis,1h 44m 51s,Yes,N64,1 week ago
53rd,luke994,1h 44m 56s,No,N64,6 years ago
54th,turara32767,1h 44m 59s,Yes,N64,1 year ago
55th,Wilko,1h 45m 00s,Yes,N64,6 days ago
56th,Butterlord,1h 45m 09s,Yes,N64,1 month ago
57th,Wrizzey,1h 45m 12s,Yes,N64,1 month ago
58th,Animazism,1h 45m 17s,Yes,N64,4 years ago
59th,Alkobakknarko,1h 45m 18s,Yes,N64,3 years ago
60th,Noizeeh,1h 45m 27s,Yes,N64,6 years ago
61st,protoman5,1h 45m 28s,Yes,N64,1 year ago
61st,Dekudude,1h 45m 28s,Yes,N64,7 months ago
63rd,m_vitor,1h 45m 31s,Yes,N64,1 year ago
64th,saksdal,1h 45m 34s,Yes,N64,1 year ago
65th,Fuff,1h 45m 36s,Yes,N64,3 months ago
66th,SuperViperT302,1h 45m 37s,Yes,N64,5 months ago
67th,Biinny,1h 45m 39s,Yes,N64,1 year ago
68th,Xein64,1h 45m 47s,Yes,N64,10 months ago
69th,Hampern,1h 45m 52s,No,N64,6 years ago
70th,bromario28,1h 45m 55s,Yes,N64,2 years ago
71st,Beuca,1h 45m 58s,Yes,N64,1 year ago
72nd,Codo,1h 45m 59s,Yes,N64,3 years ago
73rd,ringo792,1h 46m 05s,Yes,N64,2 weeks ago
74th,Gana64,1h 46m 08s,Yes,N64,3 years ago
74th,arwyMilo,1h 46m 08s,Yes,N64,2 years ago
76th,ZDeztroyerz,1h 46m 19s,Yes,N64,3 years ago
77th,Kally,1h 46m 38s,Yes,N64,1 week ago
78th,MrSpeedrun,1h 46m 47s,Yes,N64,3 years ago
79th,pobo,1h 46m 51s,Yes,N64,6 years ago
80th,hyassin27,1h 46m 55s,Yes,N64,3 years ago
81st,watapachi67,1h 46m 56s,Yes,N64,6 months ago
82nd,Fuzzyness,1h 47m 02s,Yes,N64,7 months ago
83rd,trevor107,1h 47m 04s,Yes,N64,4 years ago
84th,Shy,1h 47m 05s,Yes,N64,4 years ago
85th,Hirabomb,1h 47m 16s,No,N64,6 years ago
85th,Yale,1h 47m 16s,Yes,N64,11 months ago
85th,Schnoz64,1h 47m 16s,Yes,N64,4 weeks ago
88th,Teguru,1h 47m 46s,Yes,N64,2 years ago
88th,m0m0,1h 47m 46s,Yes,N64,1 year ago
90th,Toufool,1h 47m 52s,Yes,N64,7 years ago
91st,JJsrl,1h 47m 54s,Yes,N64,2 years ago
92nd,ClintStevens,1h 47m 55s,Yes,N64,3 years ago
92nd,peta,1h 47m 55s,Yes,N64,6 months ago
94th,hellool,1h 48m 01s,Yes,N64,3 years ago
95th,Custom,1h 48m 11s,Yes,N64,3 years ago
96th,dustyrollout,1h 48m 20s,Yes,N64,4 years ago
97th,igreil,1h 48m 25s,Yes,N64,5 years ago
98th,pete,1h 48m 29s,Yes,N64,2 years ago
99th,Balls Out,1h 48m 58s,No,N64,6 years ago
100th,alaris,1h 48m 59s,Yes,N64,3 years ago
101st,Flixer,1h 49m 04s,Yes,N64,1 week ago
102nd,sicko,1h 49m 27s,No,N64,7 years ago
103rd,SeanRaider,1h 49m 32s,Yes,N64,3 months ago
104th,Washeyy,1h 49m 33s,No,N64,5 years ago
105th,SimpleFlips,1h 49m 34s,Yes,N64,6 years ago
106th,ohaithereman,1h 49m 35s,Yes,N64,4 years ago
106th,Jolteon92,1h 49m 35s,Yes,N64,4 years ago
108th,Redd,1h 49m 40s,Yes,N64,7 months ago
109th,Reil,1h 49m 42s,Yes,N64,6 years ago
110th,Tyler9698,1h 49m 44s,Yes,N64,3 years ago
110th,CarlosDaMan,1h 49m 44s,Yes,N64,1 year ago
112th,C.R.H,1h 49m 47s,Yes,N64,2 years ago
113th,Erumo,1h 49m 49s,Yes,N64,9 years ago
114th,YarvishSaseko,1h 49m 52s,Yes,N64,3 years ago
115th,kumasyatyou,1h 49m 55s,Yes,N64,3 years ago
116th,Squirr3I,1h 49m 56s,Yes,N64,1 year ago
117th,ChipGroove,1h 49m 58s,Yes,N64,2 weeks ago
117th,Sasurainopū,1h 49m 58s,No,N64,
119th,ryou,1h 49m 59s,Yes,N64,8 years ago
119th,Rorotto,1h 49m 59s,Yes,N64,7 years ago
121st,Marteeny,1h 50m 06s,Yes,N64,10 months ago
122nd,Vincertain,1h 50m 08s,Yes,N64,9 months ago
123rd,dazrin_,1h 50m 13s,Yes,N64,3 years ago
124th,RetroRuns,1h 50m 15s,Yes,N64,10 months ago
125th,Jebuskiller,1h 50m 18s,Yes,N64,10 months ago
126th,popesquidward,1h 50m 38s,Yes,N64,8 months ago
127th,kryptic80,1h 50m 41s,Yes,N64,3 years ago
128th,PKT_Distinct,1h 50m 50s,Yes,N64,4 months ago
129th,Dublin,1h 51m 08s,Yes,N64,3 years ago
130th,bounceyboy,1h 51m 20s,Yes,N64,3 years ago
131st,naji,1h 51m 26s,Yes,N64,3 years ago
132nd,ClysmiC,1h 51m 56s,Yes,N64,3 years ago
133rd,collins_vg,1h 52m 05s,Yes,N64,5 days ago
134th,Seanzy,1h 52m 12s,No,N64,6 years ago
135th,thags15,1h 52m 20s,Yes,N64,1 year ago
136th,Creator_Destroyer,1h 52m 25s,Yes,N64,2 years ago
137th,ThatDrunkenDwarf,1h 52m 26s,Yes,N64,5 years ago
138th,Shigeru,1h 52m 40s,No,N64,10 years ago
139th,wilzo,1h 52m 45s,Yes,N64,4 years ago
140th,TAKEN,1h 52m 46s,Yes,N64,3 years ago
141st,marshmallow.,1h 53m 00s,Yes,N64,4 years ago
142nd,Hakasay,1h 53m 16s,Yes,N64,1 week ago
143rd,mitcho,1h 53m 24s,Yes,N64,5 years ago
144th,Gombill,1h 53m 37s,Yes,N64,8 years ago
145th,TwitchName,1h 53m 43s,Yes,N64,1 year ago
145th,packerzilla,1h 53m 43s,Yes,N64,1 month ago
147th,Haru様,1h 53m 47s,Yes,N64,4 years ago
148th,JazzyChoi1991,1h 53m 48s,Yes,N64,4 years ago
149th,MutantsAbyss,1h 54m 15s,Yes,N64,1 year ago
150th,Seseragi,1h 54m 19s,No,N64,
151st,SmashBrawler64,1h 54m 22s,Yes,N64,3 years ago
152nd,PernaMan64,1h 54m 26s,Yes,N64,1 year ago
153rd,Area,1h 54m 35s,No,N64,5 years ago
154th,Frost_Byte,1h 54m 42s,Yes,N64,7 months ago
155th,Shirai,1h 54m 46s,Yes,N64,8 years ago
156th,Hako,1h 55m 00s,No,N64,4 years ago
156th,disrespectless,1h 55m 00s,Yes,N64,2 years ago
158th,Lluuccuuss,1h 55m 19s,Yes,N64,4 years ago
159th,mercredi,1h 55m 33s,Yes,N64,1 year ago
160th,moodehh,1h 55m 34s,No,N64,6 years ago
161st,Heyzeus,1h 55m 35s,Yes,N64,1 week ago
162nd,TheDarkmanWs,1h 55m 38s,No,N64,7 years ago
163rd,Xiah,1h 55m 46s,No,N64,7 years ago
164th,Toadfan5,1h 55m 47s,Yes,N64,2 weeks ago
165th,jpmadison64,1h 56m 00s,Yes,N64,3 years ago
166th,MrJimmysteel25,1h 56m 20s,Yes,N64,8 months ago
167th,Progji,1h 56m 22s,Yes,N64,2 weeks ago
168th,Paru02,1h 56m 24s,Yes,N64,3 weeks ago
169th,race_out,1h 56m 26s,Yes,N64,5 years ago
170th,Redmoss,1h 56m 32s,Yes,N64,4 years ago
171st,Gerbiez,1h 57m 12s,Yes,N64,7 months ago
172nd,mash112,1h 57m 16s,Yes,N64,3 years ago
173rd,Hatopoppo,1h 57m 27s,No,N64,8 years ago
174th,Why,1h 57m 36s,Yes,N64,8 years ago
175th,Hafus,1h 57m 43s,Yes,N64,6 years ago
176th,Saellan,1h 57m 46s,Yes,N64,6 years ago
177th,MrMeanMoustache,1h 57m 56s,Yes,N64,3 months ago
178th,Snowman,1h 58m 12s,Yes,N64,6 years ago
179th,caivs,1h 58m 18s,Yes,N64,6 years ago
180th,NyZ,1h 58m 19s,No,N64,7 years ago
181st,Moose,1h 58m 20s,Yes,N64,6 years ago
182nd,SerenaFlux,1h 58m 41s,Yes,N64,9 months ago
183rd,Mese,1h 58m 56s,No,N64,6 years ago
184th,IR,1h 59m 00s,Yes,N64,1 year ago
185th,pupple816,1h 59m 07s,Yes,N64,6 years ago
186th,JustinDT,1h 59m 13s,Yes,N64,6 years ago
187th,Marshall,1h 59m 21s,Yes,N64,7 months ago
188th,Tomtendo,1h 59m 24s,Yes,N64,1 year ago
189th,YobunTeme,1h 59m 25s,Yes,N64,1 year ago
189th,Ivan,1h 59m 25s,Yes,N64,10 months ago
189th,soda,1h 59m 25s,Yes,N64,1 week ago
192nd,realblopez,1h 59m 34s,Yes,N64,8 months ago
193rd,game_complete,1h 59m 35s,Yes,N64,6 years ago
194th,Smurfy,1h 59m 39s,Yes,N64,1 month ago
195th,chomsky,1h 59m 41s,Yes,N64,1 month ago
196th,Seiozi,1h 59m 42s,Yes,N64,9 months ago
197th,MiracleTea,1h 59m 50s,Yes,N64,7 years ago
198th,ZEOKU,1h 59m 59s,No,N64,8 years ago
198th,All,1h 59m 59s,No,N64,
200th,Kazushi-Bomber,2h 00m 59s,No,N64,
201st,drunkrunnercam,2h 01m 18s,Yes,N64,2 months ago
202nd,Ratchetx7,2h 01m 26s,Yes,N64,10 months ago
203rd,SteveMassey,2h 01m 39s,Yes,N64,4 years ago
204th,Crabshack,2h 01m 42s,Yes,N64,2 years ago
205th,Sovlo,2h 01m 45s,Yes,N64,2 years ago
206th,Jalapiñecone,2h 02m 08s,Yes,N64,7 months ago
207th,pierrenoelle,2h 02m 12s,Yes,N64,1 week ago
208th,A.R.,2h 02m 52s,Yes,N64,2 weeks ago
209th,Skaredogged97,2h 03m 49s,Yes,N64,5 years ago
209th,TWLinkx2,2h 03m 49s,Yes,N64,3 months ago
211th,Skylar29,2h 04m 38s,Yes,N64,1 year ago
212th,LucoSRL,2h 04m 58s,Yes,N64,8 months ago
213th,lackattack,2h 05m 11s,Yes,N64,1 week ago
214th,Marco,2h 05m 35s,Yes,N64,1 year ago
215th,Ben,2h 06m 52s,Yes,N64,4 years ago
216th,Dingosweets,2h 07m 09s,Yes,N64,6 years ago
217th,Tit0MEX_64,2h 07m 16s,Yes,N64,2 days ago
218th,Shō,2h 07m 40s,No,N64,10 years ago
219th,SamCity,2h 07m 49s,Yes,N64,4 years ago
220th,Kiyo,2h 08m 08s,No,N64,9 years ago
221st,Voodle,2h 08m 56s,Yes,N64,8 years ago
222nd,TRV,2h 09m 21s,Yes,N64,10 years ago
223rd,PricelessNightmare,2h 09m 35s,Yes,N64,3 years ago
224th,tjk,2h 10m 06s,Yes,N64,1 month ago
225th,Dragorn,2h 10m 40s,Yes,N64,14 years ago
226th,sgtkillz,2h 10m 49s,Yes,N64,6 years ago
227th,Bernhard,2h 12m 03s,Yes,N64,3 weeks ago
228th,steveobroil,2h 12m 15s,Yes,N64,4 years ago
229th,Stomr,2h 12m 17s,Yes,N64,3 weeks ago
230th,Ratchetx7,2h 12m 40s,Yes,N64,6 years ago
231st,NicoSpeedsub,2h 12m 46s,Yes,N64,4 years ago
232nd,Cchr1s,2h 13m 03s,Yes,N64,7 years ago
233rd,sigalig,2h 13m 36s,Yes,N64,7 months ago
234th,Dylan_SM64,2h 14m 21s,Yes,N64,3 years ago
235th,wispx,2h 14m 39s,Yes,N64,1 year ago
236th,gchierico91,2h 15m 19s,Yes,N64,10 months ago
237th,fazerlazer80,2h 15m 24s,Yes,N64,1 year ago
238th,Bandow2000,2h 15m 44s,Yes,N64,2 years ago
239th,Kasual,2h 15m 56s,Yes,N64,8 months ago
240th,ElectricalSquid,2h 16m 01s,Yes,N64,6 days ago
241st,GameShark,2h 16m 24s,Yes,N64,2 years ago
242nd,Moewe,2h 16m 34s,No,N64,
243rd,taka12352,2h 17m 12s,No,N64,
244th,kingvideogamer,2h 17m 28s,Yes,N64,2 months ago
245th,DJS,2h 18m 20s,Yes,N64,4 years ago
246th,stevenashe,2h 18m 22s,Yes,N64,1 year ago
247th,drimys,2h 18m 24s,Yes,N64,2 months ago
248th,max25,2h 18m 57s,Yes,N64,10 months ago
249th,okamoto,2h 19m 06s,No,N64,
250th,TonesBalones,2h 19m 09s,Yes,N64,4 years ago
251st,Pauliii23,2h 19m 28s,Yes,N64,3 years ago
252nd,g0goTBC,2h 19m 34s,Yes,N64,5 years ago
253rd,Diamonds,2h 19m 37s,Yes,N64,7 months ago
254th,Arbliterator,2h 20m 22s,Yes,N64,1 year ago
255th,Teensies_King,2h 21m 15s,Yes,N64,6 years ago
256th,PsioNick,2h 21m 57s,Yes,N64,1 year ago
257th,Cursetyl,2h 22m 56s,Yes,N64,2 years ago
258th,hugfal055,2h 23m 07s,Yes,N64,1 month ago
259th,TheButterMaster101,2h 23m 19s,Yes,N64,1 month ago
260th,Nora-Megane,2h 24m 22s,No,N64,4 years ago
261st,Illu,2h 25m 09s,Yes,N64,8 years ago
262nd,Maru,2h 25m 46s,No,N64,
263rd,kirsche.,2h 26m 56s,No,N64,
264th,spanky,2h 28m 08s,Yes,N64,4 years ago
265th,Gohgo,2h 28m 23s,Yes,N64,3 years ago
266th,BigRy,2h 28m 34s,Yes,N64,5 years ago
267th,batts,2h 28m 46s,Yes,N64,6 years ago
268th,SecretHumorMan,2h 29m 54s,Yes,N64,9 months ago
269th,TsukishimaMaria,2h 30m 03s,No,N64,
270th,ll5gus,2h 30m 22s,Yes,N64,2 years ago
271st,Akirry,2h 32m 25s,Yes,N64,1 week ago
272nd,Pterojacktyl,2h 33m 32s,Yes,N64,6 years ago
273rd,Fig02,2h 36m 30s,Yes,N64,4 years ago
274th,Mousecopp,2h 37m 03s,Yes,N64,4 years ago
275th,iotku,2h 37m 42s,Yes,N64,3 years ago
276th,Voxelic,2h 37m 48s,Yes,N64,8 years ago
277th,Boutet64,2h 37m 53s,Yes,N64,2 years ago
278th,iMartz3,2h 38m 09s,No,N64,2 years ago
279th,Suisui,2h 38m 54s,No,N64,
280th,Jane,2h 39m 01s,No,N64,6 years ago
281st,Silas,2h 39m 38s,Yes,N64,2 years ago
282nd,Umbreoff,2h 41m 14s,Yes,N64,2 years ago
283rd,Redhawk36,2h 41m 22s,Yes,N64,3 years ago
284th,P4ntz,2h 41m 37s,Yes,N64,5 years ago
285th,hassanblackmoslem,2h 41m 44s,Yes,N64,3 years ago
286th,Niplob,2h 42m 16s,Yes,N64,3 months ago
287th,Cosmoing,2h 44m 04s,Yes,N64,4 years ago
288th,DNVIC,2h 45m 10s,Yes,N64,8 months ago
289th,DJGOO,2h 46m 09s,Yes,N64,4 months ago
290th,Danichan,2h 46m 32s,Yes,N64,6 months ago
291st,dunewacky,2h 50m 00s,Yes,N64,1 year ago
292nd,Prakxoelpatatita,2h 50m 05s,Yes,N64,1 year ago
293rd,OkamiBW,2h 50m 36s,Yes,N64,2 years ago
294th,Uchou,2h 52m 02s,No,N64,
295th,Emmo,2h 53m 22s,Yes,N64,1 month ago
296th,Sethblake97,2h 54m 49s,Yes,N64,1 year ago
297th,Flag,2h 55m 03s,No,N64,
298th,ScliffBartoni,2h 55m 24s,Yes,N64,1 month ago
299th,minikori,2h 55m 55s,Yes,N64,6 years ago
300th,Silver,2h 55m 59s,Yes,N64,3 months ago
301st,Purple,2h 56m 32s,Yes,N64,1 year ago
302nd,Rochoe,2h 56m 36s,Yes,N64,4 years ago
303rd,GreenSnowDog,3h 04m 45s,Yes,N64,4 weeks ago
304th,Korupo,3h 05m 06s,No,N64,
305th,3zachm,3h 06m 39s,Yes,N64,3 years ago
306th,kirbyfan5009,3h 08m 50s,Yes,N64,3 years ago
307th,Toadntoady,3h 10m 01s,Yes,N64,4 years ago
308th,GuzzinatorLIVE,3h 12m 13s,Yes,N64,1 year ago
309th,TacoDeTrompo,3h 16m 53s,Yes,N64,4 months ago
310th,MyNameIsMoo,3h 17m 06s,Yes,N64,7 months ago
311th,Alphaman,3h 20m 50s,Yes,N64,6 years ago
312th,imSpenc,3h 24m 23s,Yes,N64,3 years ago
313th,Jumpyluff,3h 24m 26s,No,N64,
314th,NathanielBandy,3h 28m 46s,Yes,N64,5 years ago
315th,silvarethedwarf,3h 30m 42s,Yes,N64,11 months ago
316th,AngryPotato,3h 33m 26s,Yes,N64,5 years ago
317th,RawkusX,3h 40m 43s,Yes,N64,5 years ago
318th,Leck,3h 41m 40s,Yes,N64,2 months ago
319th,bakedpotato12,3h 42m 33s,No,N64,7 years ago
320th,fullaire,3h 42m 39s,Yes,N64,6 months ago
321st,RaikouRider,3h 46m 48s,Yes,N64,3 years ago
322nd,smartalec0624,3h 48m 39s,Yes,N64,4 years ago
323rd,mattskid92,3h 52m 03s,Yes,N64,3 years ago
324th,ElNacho,3h 53m 21s,Yes,N64,3 years ago
325th,andypanther,3h 54m 37s,Yes,N64,5 years ago
326th,quo,3h 56m 08s,Yes,N64,1 year ago
327th,456Productions_YT,3h 56m 29s,Yes,N64,5 months ago
328th,Thiradell,3h 58m 02s,Yes,N64,4 years ago
329th,lozplyr89,3h 58m 46s,Yes,N64,3 years ago
330th,AtomicHex,4h 05m 04s,Yes,N64,3 years ago
331st,cookiegamer,4h 13m 24s,Yes,N64,5 months ago
332nd,Automat1cJack,4h 19m 22s,Yes,N64,4 years ago
333rd,bigcheeese,4h 38m 57s,Yes,N64,9 months ago
334th,Conklestothemax,4h 40m 08s,Yes,N64,3 years ago
335th,MarcyG33,4h 40m 44s,Yes,N64,1 year ago
336th,Nickfin,4h 56m 09s,No,N64,
337th,ziggittyzig,5h 07m 37s,Yes,N64,11 months ago
338th,32,5h 49m 41s,Yes,N64,6 months ago
339th,SpeedNintendo,5h 51m 44s,Yes,N64,1 year ago
340th,GTAce99,5h 54m 57s,Yes,N64,1 year ago
341st,DanimalSounds,5h 59m 18s,Yes,N64,4 years ago
342nd,kam4ran,10h 40m 40s,Yes,N64,9 months ago
343rd,Andrick11,16h 32m 42s,Yes,N64,5 years ago