Rank,Player,Time,Mode,DLC,amiibo,Platform,Date
1st,rasenurns,26m 26s 867ms,Normal Mode,No DLC,amiibo,Switch,2 months ago
2nd,Majestic,26m 31s 300ms,Normal Mode,No DLC,amiibo,Switch,2 months ago
3rd,Sketodara,26m 43s 333ms,Normal Mode,No DLC,amiibo,Switch,4 months ago
4th,Player_5,26m 44s 700ms,Normal Mode,DLC,amiibo,Switch,1 month ago
5th,Mikey,27m 01s 900ms,Normal Mode,DLC,amiibo,Switch,1 month ago
6th,SlyZorua,27m 03s 433ms,Normal Mode,DLC,amiibo,Switch,1 month ago
7th,Wolhaiksong,27m 08s 500ms,Normal Mode,No DLC,amiibo,Switch,4 months ago
8th,Roekoe_,27m 09s 900ms,Normal Mode,No DLC,amiibo,Switch,1 month ago
9th,Destructor,27m 13s 167ms,Normal Mode,No DLC,amiibo,Switch,1 month ago
-,rasenurns,27m 19s 800ms,Normal Mode,No DLC,No amiibo,Switch,3 months ago
-,Player_5,27m 24s 700ms,Normal Mode,DLC,No amiibo,Switch,2 months ago
10th,michikusa,27m 37s 866ms,Normal Mode,No DLC,amiibo,Switch,7 months ago
11th,Cornflake,27m 53s 600ms,Normal Mode,DLC,amiibo,Switch,2 months ago
12th,SrTapir,27m 57s 867ms,Normal Mode,DLC,amiibo,Switch,4 weeks ago
-,Mikey,28m 05s 167ms,Normal Mode,DLC,No amiibo,Switch,1 month ago
-,Sketodara,28m 10s 360ms,Normal Mode,DLC,No amiibo,Switch,11 months ago
13th,GD_Gurt,28m 15s 866ms,Normal Mode,No DLC,amiibo,Switch,4 weeks ago
14th,Makar_090,28m 18s 240ms,Normal Mode,DLC,amiibo,Switch,1 month ago
-,SlyZorua,28m 18s 900ms,Normal Mode,DLC,No amiibo,Switch,4 months ago
15th,taykage,28m 21s 867ms,Normal Mode,No DLC,amiibo,Switch,3 months ago
-,Wolhaiksong,28m 22s 050ms,Normal Mode,DLC,No amiibo,Switch,1 year ago
16th,mizu,28m 23s 600ms,Normal Mode,DLC,amiibo,Switch,1 month ago
-,Roekoe_,28m 26s 367ms,Normal Mode,No DLC,No amiibo,Switch,3 months ago
17th,Smich,28m 27s 867ms,Normal Mode,DLC,amiibo,Switch,2 months ago
18th,TallestThomas,28m 31s 067ms,Normal Mode,DLC,amiibo,Switch,2 weeks ago
-,Destructor,28m 32s 167ms,Normal Mode,No DLC,No amiibo,Switch,5 months ago
19th,cameloamarelo,28m 34s,Normal Mode,DLC,amiibo,Switch,2 months ago
-,GD_Gurt,28m 46s 967ms,Normal Mode,DLC,No amiibo,Switch,2 months ago
20th,bggdimm,28m 49s 100ms,Normal Mode,DLC,No amiibo,Switch,1 month ago
-,michikusa,28m 54s 133ms,Normal Mode,No DLC,No amiibo,Switch,7 months ago
21st,PancakeDAWGZ,28m 57s 833ms,Normal Mode,DLC,amiibo,Switch,4 months ago
22nd,Applefreezer,29m 00s 967ms,Normal Mode,DLC,amiibo,Switch,3 months ago
23rd,ThisIsKel,29m 07s,Normal Mode,DLC,amiibo,Switch,5 months ago
-,taykage,29m 10s 433ms,Normal Mode,No DLC,No amiibo,Switch,2 months ago
-,TallestThomas,29m 13s,Normal Mode,DLC,No amiibo,Switch,4 months ago
-,cameloamarelo,29m 14s 467ms,Normal Mode,DLC,No amiibo,Switch,1 week ago
24th,TooGoodMules,29m 17s 400ms,Normal Mode,No DLC,amiibo,Switch,3 months ago
25th,keikou_yellow,29m 24s 067ms,Normal Mode,DLC,amiibo,Switch,1 month ago
26th,Zelkys,29m 28s 333ms,Normal Mode,DLC,amiibo,Switch,1 week ago
27th,harmjan387,29m 30s 767ms,Normal Mode,DLC,No amiibo,Switch,4 months ago
-,harmjan387,29m 31s 860ms,Normal Mode,No DLC,amiibo,Switch,1 year ago
-,Makar_090,29m 32s 367ms,Normal Mode,No DLC,No amiibo,Switch,4 months ago
28th,TheRealNoman,29m 33s 933ms,Normal Mode,No DLC,amiibo,Switch,2 months ago
29th,iTNTPiston,29m 34s 800ms,Normal Mode,DLC,amiibo,Switch,2 months ago
30th,Limcube,29m 35s,Normal Mode,DLC,amiibo,Switch,1 month ago
-,Cornflake,29m 42s 550ms,Normal Mode,DLC,No amiibo,Switch,6 months ago
31st,LouLouCore,29m 45s 020ms,Normal Mode,DLC,No amiibo,Switch,1 year ago
32nd,Demon,29m 50s 170ms,Normal Mode,DLC,No amiibo,Switch,7 months ago
33rd,Cee_Bee_Eff_O_o,29m 52s,Normal Mode,DLC,amiibo,Switch,1 week ago
34th,MrPop1,29m 54s 060ms,Normal Mode,No DLC,No amiibo,Switch,1 year ago
35th,SirWilliamSSB,29m 55s 370ms,Normal Mode,DLC,amiibo,Switch,1 month ago
36th,Zinpars,29m 58s 250ms,Normal Mode,,amiibo,Switch,6 months ago
-,ThisIsKel,29m 59s,Normal Mode,DLC,No amiibo,Switch,4 months ago
37th,Gwosh,29m 59s 133ms,Normal Mode,No DLC,No amiibo,Switch,7 months ago
38th,xeal_btw,30m 08s,Normal Mode,DLC,amiibo,Switch,5 months ago
39th,sva,30m 14s 800ms,Normal Mode,No DLC,No amiibo,Switch,1 year ago
-,sva,30m 18s 160ms,Normal Mode,No DLC,amiibo,WiiU,1 year ago
40th,Zdi,30m 20s 900ms,Normal Mode,DLC,No amiibo,Switch,1 year ago
-,mizu,30m 23s 380ms,Normal Mode,DLC,No amiibo,Switch,8 months ago
41st,YuNarukami,30m 26s 367ms,Normal Mode,DLC,No amiibo,Switch,1 month ago
42nd,finagle_a_bagle,30m 29s 767ms,Normal Mode,DLC,amiibo,Switch,1 month ago
43rd,Darin4z,30m 37s 370ms,Normal Mode,DLC,No amiibo,Switch,1 year ago
44th,Outer_Earth,30m 38s,Normal Mode,No DLC,amiibo,Switch,1 year ago
-,PancakeDAWGZ,30m 38s 067ms,Normal Mode,DLC,No amiibo,Switch,4 months ago
45th,orcrist_gc,30m 39s 014ms,Normal Mode,DLC,No amiibo,Switch,6 months ago
46th,Xeryph,30m 41s 067ms,Normal Mode,No DLC,No amiibo,Switch,2 months ago
-,Limcube,30m 51s 350ms,Normal Mode,DLC,No amiibo,Switch,11 months ago
47th,DatGuyChuck,30m 51s 910ms,Normal Mode,DLC,No amiibo,Switch,3 months ago
-,iTNTPiston,30m 53s 800ms,Normal Mode,DLC,No amiibo,Switch,2 months ago
-,keikou_yellow,30m 55s 010ms,Normal Mode,DLC,No amiibo,Switch,7 months ago
48th,Zarwaldo,30m 55s 800ms,Normal Mode,DLC,No amiibo,Switch,1 year ago
49th,colemckittrick,31m 04s 009ms,Normal Mode,DLC,amiibo,Switch,4 months ago
-,Zelkys,31m 10s 034ms,Normal Mode,DLC,No amiibo,Switch,3 weeks ago
50th,BrokenMic,31m 12s,Normal Mode,No DLC,amiibo,Switch,4 months ago
50th,A1gamer,31m 12s,Normal Mode,DLC,No amiibo,Switch,1 month ago
52nd,daniel_m1110,31m 13s 057ms,Normal Mode,DLC,No amiibo,Switch,3 months ago
53rd,KaoPyro,31m 13s 068ms,Normal Mode,DLC,No amiibo,Switch,3 months ago
54th,nuzumi,31m 17s,Normal Mode,DLC,No amiibo,Switch,2 days ago
55th,nickfredy,31m 20s,Normal Mode,No DLC,No amiibo,Switch,1 month ago
56th,CrazyAZ,31m 21s,Normal Mode,DLC,amiibo,Switch,1 month ago
57th,DaveDotChr,31m 21s 567ms,Normal Mode,No DLC,No amiibo,Switch,3 months ago
-,Applefreezer,31m 23s 681ms,Normal Mode,DLC,No amiibo,Switch,3 months ago
58th,NicroVeda,31m 23s 886ms,Normal Mode,DLC,No amiibo,Switch,11 months ago
59th,Raix,31m 29s,Normal Mode,DLC,amiibo,Switch,7 months ago
60th,Gala,31m 30s 470ms,Normal Mode,DLC,No amiibo,Switch,11 months ago
61st,StorewideBoss69,31m 36s 880ms,Normal Mode,DLC,amiibo,Switch,1 month ago
62nd,AaronHongry,31m 37s,Normal Mode,DLC,amiibo,Switch,7 months ago
63rd,LuminaIX,31m 39s 180ms,Normal Mode,DLC,amiibo,Switch,4 months ago
64th,BigTiddyCamgirl,31m 41s 490ms,Normal Mode,No DLC,No amiibo,WiiU,4 months ago
65th,Ethanfo,31m 42s 367ms,Normal Mode,DLC,amiibo,Switch,2 months ago
-,LouLouCore,31m 43s 999ms,Normal Mode,No DLC,amiibo,WiiU,1 year ago
66th,Paperario,31m 54s,Normal Mode,No DLC,No amiibo,Switch,1 month ago
67th,Thunderbolt,32m 03s,Normal Mode,DLC,No amiibo,Switch,3 months ago
67th,Sloop,32m 03s,Normal Mode,No DLC,No amiibo,Switch,2 months ago
69th,pokepanda101,32m 17s 580ms,Normal Mode,DLC,amiibo,Switch,1 month ago
70th,Christopho,32m 23s,Normal Mode,No DLC,No amiibo,Switch,5 months ago
71st,Vaho_Ty,32m 25s 300ms,Normal Mode,DLC,No amiibo,Switch,4 months ago
-,TooGoodMules,32m 40s 166ms,Normal Mode,No DLC,No amiibo,Switch,4 months ago
-,Cee_Bee_Eff_O_o,32m 42s 004ms,Normal Mode,DLC,No amiibo,Switch,4 months ago
72nd,PeaK18,32m 46s 640ms,Normal Mode,No DLC,No amiibo,WiiU,2 years ago
-,Outer_Earth,32m 47s 500ms,Normal Mode,DLC,No amiibo,Switch,1 year ago
73rd,LieutenantPeriwinkle,32m 55s 867ms,Normal Mode,DLC,amiibo,Switch,2 weeks ago
74th,Chashaneco,32m 58s 004ms,Normal Mode,DLC,No amiibo,Switch,4 weeks ago
75th,BrewCity_Hornet,32m 58s 233ms,Normal Mode,DLC,No amiibo,Switch,2 months ago
-,colemckittrick,32m 58s 300ms,Normal Mode,DLC,No amiibo,Switch,7 months ago
76th,YoYoSwift,33m 06s,Normal Mode,No DLC,No amiibo,Switch,3 months ago
77th,Pikastroff,33m 16s,Normal Mode,No DLC,No amiibo,Switch,1 year ago
78th,EvanEdits,33m 17s 000ms,Normal Mode,No DLC,No amiibo,Switch,4 months ago
78th,Dudenificent,33m 17s,Normal Mode,DLC,amiibo,Switch,2 weeks ago
80th,Orcastraw,33m 20s,Normal Mode,DLC,amiibo,Switch,10 months ago
-,StorewideBoss69,33m 22s 140ms,Normal Mode,DLC,No amiibo,Switch,3 months ago
81st,Derg3139,33m 28s 500ms,Normal Mode,No DLC,amiibo,Switch,2 months ago
-,Zinpars,33m 29s 320ms,Normal Mode,DLC,No amiibo,Switch,9 months ago
82nd,tao_runs,33m 29s 370ms,Normal Mode,No DLC,No amiibo,Switch,1 month ago
83rd,Altexo,33m 31s 052ms,Normal Mode,DLC,No amiibo,Switch,4 weeks ago
-,KaoPyro,33m 32s 018ms,Normal Mode,DLC,amiibo,Switch,1 year ago
84th,CobChamp,33m 35s 867ms,Normal Mode,No DLC,No amiibo,Switch,1 week ago
85th,Graveyard,33m 44s,Master Mode,DLC,amiibo,Switch,3 months ago
86th,aka12,33m 49s 900ms,Normal Mode,DLC,No amiibo,Switch,1 year ago
87th,gurahamu1404,33m 52s 740ms,Normal Mode,DLC,No amiibo,WiiU,1 year ago
88th,otoshi,33m 53s 043ms,Normal Mode,DLC,No amiibo,Switch,1 year ago
89th,Linkus7,34m 05s,Normal Mode,DLC,No amiibo,Switch,1 year ago
90th,ethanofdoom,34m 06s 133ms,Normal Mode,No DLC,No amiibo,Switch,2 months ago
91st,Peco_1203,34m 21s 043ms,Normal Mode,DLC,amiibo,Switch,1 month ago
-,LuminaIX,34m 23s 870ms,Normal Mode,DLC,No amiibo,Switch,7 months ago
92nd,gymnast86,34m 25s 433ms,Normal Mode,DLC,amiibo,Switch,6 months ago
93rd,Kiesernation1,34m 29s 280ms,Normal Mode,DLC,amiibo,WiiU,2 years ago
94th,SurprisedPika,34m 31s 933ms,Normal Mode,DLC,No amiibo,Switch,2 months ago
95th,ale_caballero_1212,34m 39s 099ms,Normal Mode,DLC,No amiibo,Switch,1 month ago
96th,LeftShark_Vevo,34m 42s 866ms,Normal Mode,No DLC,amiibo,Switch,6 months ago
-,aka12,34m 43s 930ms,Normal Mode,DLC,amiibo,Switch,1 year ago
-,Dudenificent,34m 45s,Normal Mode,DLC,No amiibo,Switch,3 months ago
97th,Puppet,34m 46s 700ms,Normal Mode,DLC,No amiibo,Switch,2 years ago
-,SirWilliamSSB,34m 52s 490ms,Normal Mode,DLC,No amiibo,Switch,2 months ago
98th,joedun,35m 03s 000ms,Normal Mode,No DLC,No amiibo,Switch,5 months ago
99th,PointCrow,35m 10s,Normal Mode,DLC,No amiibo,Switch,1 month ago
-,Kiesernation1,35m 11s,Normal Mode,DLC,No amiibo,WiiU,2 years ago
-,AaronHongry,35m 13s,Normal Mode,DLC,No amiibo,Switch,8 months ago
100th,anteknorr,35m 14s 200ms,Normal Mode,DLC,amiibo,Switch,2 months ago
101st,Tsyosaghi,35m 15s,Normal Mode,DLC,No amiibo,Switch,3 weeks ago
-,CrazyAZ,35m 25s,Normal Mode,DLC,No amiibo,Switch,5 months ago
102nd,jamesvanboxtel,35m 26s,Normal Mode,No DLC,amiibo,Switch,3 months ago
103rd,zPainK,35m 29s 340ms,Normal Mode,No DLC,No amiibo,Switch,2 months ago
104th,GreenSpeed,35m 30s 067ms,Normal Mode,DLC,No amiibo,Switch,7 months ago
-,otoshi,35m 37s,Normal Mode,DLC,amiibo,Switch,2 years ago
105th,Sprinkles,35m 47s 567ms,Normal Mode,No DLC,amiibo,Switch,1 week ago
106th,KChickpea,35m 50s 008ms,Normal Mode,DLC,No amiibo,Switch,4 months ago
-,pokepanda101,35m 50s 580ms,Normal Mode,DLC,No amiibo,Switch,4 months ago
107th,DMorio,36m 10s 064ms,Normal Mode,DLC,No amiibo,Switch,7 months ago
-,LieutenantPeriwinkle,36m 10s 833ms,Normal Mode,DLC,No amiibo,Switch,2 months ago
-,jamesvanboxtel,36m 15s,Normal Mode,No DLC,No amiibo,Switch,3 months ago
108th,areki,36m 29s 900ms,Normal Mode,DLC,No amiibo,WiiU,1 year ago
109th,ScorpionSenator,36m 33s 006ms,Normal Mode,DLC,No amiibo,Switch,1 month ago
110th,ruldibar,36m 34s 880ms,Normal Mode,DLC,No amiibo,WiiU,1 year ago
111th,Vladisvrau,36m 35s 660ms,Normal Mode,No DLC,No amiibo,Switch,4 months ago
112th,iden,37m 28s 123ms,Normal Mode,DLC,amiibo,WiiU,2 years ago
113th,CMFP,37m 29s,Normal Mode,DLC,No amiibo,Switch,5 months ago
-,BrokenMic,37m 32s,Normal Mode,No DLC,No amiibo,Switch,8 months ago
114th,Rhad_Runs,37m 34s 530ms,Normal Mode,DLC,No amiibo,Switch,6 months ago
115th,Lucoulouz,37m 36s 833ms,Normal Mode,DLC,No amiibo,Switch,2 months ago
116th,SiirZax,37m 47s,Normal Mode,DLC,No amiibo,Switch,3 months ago
117th,Ghost1N,37m 54s,Normal Mode,DLC,No amiibo,Switch,1 year ago
118th,DarkAnice,37m 58s 660ms,Normal Mode,DLC,No amiibo,Switch,1 year ago
119th,Baileaf93,38m 09s 100ms,Normal Mode,No DLC,No amiibo,Switch,3 months ago
120th,ffuture22,38m 17s 110ms,Normal Mode,No DLC,No amiibo,Switch,1 year ago
121st,Bartuski,38m 21s,Normal Mode,No DLC,No amiibo,Switch,1 year ago
122nd,Ikkitrix,38m 21s 500ms,Normal Mode,No DLC,amiibo,WiiU,3 years ago
123rd,zoedawson,38m 23s 002ms,Normal Mode,DLC,No amiibo,Switch,1 year ago
-,iden,38m 44s 034ms,Normal Mode,DLC,No amiibo,WiiU,2 years ago
124th,hytm,38m 58s 960ms,Normal Mode,No DLC,No amiibo,Switch,8 months ago
125th,havezen,39m 03s 200ms,Normal Mode,No DLC,No amiibo,WiiU,4 months ago
126th,joro550,39m 09s 340ms,Normal Mode,No DLC,No amiibo,Switch,9 months ago
127th,azormx,39m 27s 190ms,Normal Mode,DLC,No amiibo,Switch,1 year ago
-,Raix,39m 40s,Normal Mode,DLC,No amiibo,WiiU,2 years ago
128th,Samura1man,39m 41s,Normal Mode,No DLC,No amiibo,Switch,1 year ago
129th,alexandralynne,39m 43s 077ms,Normal Mode,DLC,No amiibo,Switch,1 week ago
130th,pui,39m 49s 300ms,Normal Mode,No DLC,amiibo,WiiU,3 years ago
131st,Majora1313,39m 54s 820ms,Normal Mode,DLC,No amiibo,Switch,6 days ago
132nd,saixx13,39m 57s 540ms,Normal Mode,DLC,No amiibo,Switch,11 months ago
133rd,MushyMango,40m 07s 467ms,Normal Mode,DLC,No amiibo,Switch,1 month ago
134th,Visart,40m 20s 533ms,Normal Mode,No DLC,No amiibo,Switch,1 month ago
135th,ChaoticAce,40m 20s 880ms,Normal Mode,No DLC,amiibo,WiiU,3 years ago
136th,Nikhil_Not_Nikki,40m 22s 680ms,Normal Mode,No DLC,No amiibo,Switch,6 months ago
137th,Sigmaphied,40m 28s 500ms,Normal Mode,DLC,amiibo,WiiU,2 years ago
-,anteknorr,40m 31s 867ms,Normal Mode,DLC,No amiibo,Switch,3 months ago
138th,UsujioTarako,40m 36s 097ms,Normal Mode,No DLC,No amiibo,Switch,4 months ago
139th,LittleDrummer7,41m 10s 800ms,Normal Mode,DLC,No amiibo,Switch,2 years ago
140th,NOBLETOFU,41m 20s,Normal Mode,DLC,No amiibo,Switch,3 years ago
141st,JesRX,41m 22s 094ms,Normal Mode,No DLC,No amiibo,Switch,6 months ago
142nd,Worldlyy,41m 31s 020ms,Normal Mode,DLC,No amiibo,Switch,1 year ago
143rd,Vett77,41m 33s 540ms,Normal Mode,DLC,No amiibo,WiiU,3 years ago
144th,Elite_Soba,41m 34s 300ms,Normal Mode,No DLC,No amiibo,Switch,3 months ago
145th,EliteMist,41m 41s,Normal Mode,DLC,No amiibo,Switch,1 year ago
146th,Hellios,42m 00s 096ms,Normal Mode,DLC,No amiibo,Switch,3 months ago
147th,brownsquirrel,42m 00s 830ms,Normal Mode,DLC,No amiibo,Switch,10 months ago
148th,ggkota,42m 17s 648ms,Normal Mode,No DLC,No amiibo,Switch,3 years ago
149th,doraplayz,42m 32s 987ms,Normal Mode,DLC,No amiibo,Switch,9 months ago
150th,Yoshiruns,42m 34s 620ms,Normal Mode,No DLC,No amiibo,WiiU,1 year ago
151st,Junjalgame,42m 42s 700ms,Normal Mode,DLC,No amiibo,WiiU,1 month ago
-,Ikkitrix,42m 46s 100ms,Normal Mode,No DLC,No amiibo,WiiU,3 years ago
152nd,EP_Fang,42m 51s 340ms,Normal Mode,DLC,No amiibo,Switch,3 weeks ago
153rd,HalfJaise,42m 54s 250ms,Normal Mode,No DLC,amiibo,WiiU,3 years ago
154th,TabooRaptor,43m 06s 800ms,Normal Mode,DLC,No amiibo,Switch,2 months ago
-,TheRealNoman,43m 09s 030ms,Normal Mode,No DLC,No amiibo,WiiU,7 months ago
155th,Hotpot,43m 14s,Master Mode,DLC,No amiibo,WiiU,1 year ago
156th,Cerulean1020,43m 26s,Normal Mode,No DLC,No amiibo,Switch,4 months ago
157th,Koreth,43m 37s,Normal Mode,DLC,amiibo,Switch,3 weeks ago
158th,Haeze,43m 50s 200ms,Normal Mode,DLC,No amiibo,Switch,3 years ago
159th,phantomorph,43m 54s 400ms,Master Mode,DLC,amiibo,WiiU,3 years ago
160th,TheNoPro,44m 05s,Normal Mode,No DLC,No amiibo,Switch,4 weeks ago
161st,Leonostic,44m 07s 200ms,Normal Mode,No DLC,No amiibo,Switch,3 years ago
162nd,Loloup,44m 09s 150ms,Normal Mode,No DLC,amiibo,Switch,3 years ago
-,Samura1man,44m 16s 800ms,Master Mode,DLC,amiibo,Switch,3 years ago
163rd,HeilShuckle,44m 19s 130ms,Normal Mode,No DLC,amiibo,Switch,3 years ago
-,Ethanfo,44m 24s 004ms,Normal Mode,DLC,No amiibo,Switch,5 months ago
-,ChaoticAce,44m 25s 100ms,Normal Mode,No DLC,No amiibo,WiiU,3 years ago
164th,Syntrum,44m 26s 067ms,Normal Mode,DLC,No amiibo,Switch,1 year ago
165th,sip64,44m 40s,Normal Mode,No DLC,No amiibo,Switch,1 year ago
166th,Julgane,45m 11s 200ms,Normal Mode,No DLC,No amiibo,Switch,3 years ago
-,gymnast86,45m 19s 500ms,Normal Mode,No DLC,No amiibo,WiiU,3 years ago
167th,Enkidudu44,45m 21s 200ms,Normal Mode,DLC,No amiibo,Switch,3 years ago
168th,Vespher,45m 21s 300ms,Normal Mode,No DLC,amiibo,Switch,3 years ago
-,phantomorph,45m 22s 400ms,Master Mode,DLC,No amiibo,WiiU,3 years ago
169th,Naoto09,45m 53s 200ms,Normal Mode,No DLC,amiibo,Switch,3 years ago
170th,TOFU_Knight,45m 59s 600ms,Normal Mode,No DLC,No amiibo,Switch,3 years ago
171st,enu,46m 07s 400ms,Normal Mode,No DLC,No amiibo,WiiU,3 years ago
172nd,slothpockets,46m 30s 019ms,Normal Mode,DLC,No amiibo,Switch,5 months ago
173rd,adefgames,46m 36s,Normal Mode,No DLC,No amiibo,Switch,2 weeks ago
174th,romulostx,46m 37s 420ms,Normal Mode,No DLC,amiibo,Switch,3 years ago
175th,Baltan,46m 40s 500ms,Normal Mode,No DLC,No amiibo,Switch,3 years ago
176th,Drewave,46m 54s 600ms,Normal Mode,DLC,No amiibo,Switch,3 years ago
177th,IMtendo,47m 04s 500ms,Normal Mode,No DLC,No amiibo,WiiU,3 years ago
177th,SKmuffinEXE,47m 04s 500ms,Normal Mode,DLC,No amiibo,WiiU,2 years ago
179th,The_Revvy,47m 14s 360ms,Normal Mode,DLC,amiibo,Switch,2 years ago
180th,Davesterio,47m 16s 270ms,Normal Mode,No DLC,amiibo,Switch,3 years ago
181st,21Hunt,47m 21s 100ms,Normal Mode,DLC,No amiibo,Switch,2 years ago
182nd,PlataSmash,47m 41s,Normal Mode,DLC,No amiibo,Switch,1 year ago
183rd,Dysprosium,47m 53s 900ms,Normal Mode,No DLC,No amiibo,Switch,3 years ago
-,Loloup,47m 56s,Normal Mode,No DLC,No amiibo,Switch,3 years ago
184th,benstephens56,47m 58s,Normal Mode,No DLC,No amiibo,Switch,3 years ago
185th,Ætienne,48m 10s 220ms,Normal Mode,DLC,No amiibo,Switch,4 months ago
186th,EazySpeezy,48m 13s 934ms,Normal Mode,DLC,No amiibo,Switch,10 months ago
187th,Venick,48m 35s 460ms,Normal Mode,No DLC,amiibo,WiiU,3 years ago
188th,Danny514,48m 45s 400ms,Normal Mode,DLC,No amiibo,Switch,2 years ago
189th,Vallu,48m 49s 500ms,Normal Mode,No DLC,No amiibo,WiiU,3 years ago
190th,CoZmos,48m 58s 100ms,Normal Mode,No DLC,No amiibo,Switch,3 years ago
191st,Loganssb,49m 09s 770ms,Normal Mode,DLC,No amiibo,Switch,10 months ago
192nd,Colty,49m 22s 400ms,Normal Mode,DLC,amiibo,Switch,2 years ago
-,Colty,49m 39s,Normal Mode,DLC,No amiibo,Switch,2 years ago
193rd,dannyb,49m 53s,Normal Mode,No DLC,No amiibo,Switch,3 years ago
194th,Segone,50m 14s 400ms,Normal Mode,DLC,No amiibo,WiiU,2 years ago
195th,Melt0n,50m 44s 270ms,Normal Mode,No DLC,amiibo,Switch,3 years ago
196th,Lexingway,51m 25s,Normal Mode,DLC,No amiibo,Switch,2 years ago
197th,pretends2know,51m 41s 940ms,Normal Mode,DLC,amiibo,Switch,2 years ago
198th,shimao522,52m 04s 091ms,Normal Mode,No DLC,No amiibo,Switch,1 year ago
199th,flee135,52m 05s,Normal Mode,No DLC,No amiibo,Switch,3 years ago
200th,mark_sr,52m 18s 015ms,Normal Mode,No DLC,No amiibo,Switch,1 week ago
201st,Tast3ThaPainbow,52m 50s 100ms,Normal Mode,No DLC,No amiibo,Switch,3 years ago
202nd,ShadowMuffinMan,53m 07s 367ms,Normal Mode,DLC,No amiibo,Switch,2 months ago
203rd,shibakee,53m 27s,Normal Mode,No DLC,No amiibo,WiiU,3 years ago
204th,SpaceCowboi,53m 57s 200ms,Normal Mode,No DLC,amiibo,Switch,3 years ago
205th,Salokin64,54m 24s 500ms,Normal Mode,No DLC,No amiibo,WiiU,3 years ago
206th,Boekster,54m 28s,Normal Mode,DLC,No amiibo,WiiU,3 years ago
207th,Baffan,54m 30s 600ms,Normal Mode,No DLC,No amiibo,Switch,3 years ago
208th,SethBling,55m 23s 700ms,Normal Mode,No DLC,No amiibo,Switch,3 years ago
209th,pixel,55m 24s 100ms,Normal Mode,No DLC,No amiibo,Switch,3 years ago
210th,PangBUBBA,55m 34s,Normal Mode,DLC,No amiibo,Switch,2 years ago
211th,omegaevolution,56m 58s 900ms,Normal Mode,No DLC,No amiibo,Switch,3 years ago
212th,Meriy,57m 16s 460ms,Normal Mode,DLC,No amiibo,Switch,1 year ago
213th,SlaskPrask,1h 01m 25s 200ms,Normal Mode,No DLC,amiibo,Switch,3 years ago
214th,editbtwttv,1h 01m 39s,Normal Mode,DLC,No amiibo,Switch,1 year ago
-,joro550,1h 02m 00s,Normal Mode,,,Switch,10 months ago
-,Davesterio,1h 02m 56s 300ms,Normal Mode,No DLC,No amiibo,Switch,3 years ago
215th,zbrown,1h 02m 56s 600ms,Normal Mode,DLC,No amiibo,WiiU,3 years ago
216th,Mr_Shasta,1h 03m 53s,Normal Mode,DLC,No amiibo,Switch,3 years ago
-,Venick,1h 04m 13s 400ms,Normal Mode,No DLC,No amiibo,WiiU,4 years ago
217th,Nifty_Cent,1h 04m 43s 310ms,Normal Mode,DLC,No amiibo,Switch,5 months ago
218th,Gren,1h 05m 15s,Normal Mode,No DLC,No amiibo,Switch,3 years ago
219th,josh916,1h 07m 43s 100ms,Normal Mode,DLC,No amiibo,Switch,3 years ago
220th,GiantClam,1h 08m 08s 340ms,Normal Mode,DLC,No amiibo,Switch,5 months ago
221st,assio14,1h 15m 18s 016ms,Normal Mode,DLC,No amiibo,Switch,1 month ago
222nd,CountCreep,1h 16m 46s 344ms,Normal Mode,No DLC,No amiibo,WiiU,3 years ago
223rd,Tiger_Lotus,1h 33m 12s 200ms,Normal Mode,DLC,No amiibo,Switch,2 years ago
224th,Ergheiz_Zero,1h 37m 53s 600ms,Normal Mode,No DLC,No amiibo,Switch,3 years ago
225th,SpecsNStats,1h 56m 34s,Normal Mode,No DLC,No amiibo,WiiU,2 years ago
226th,GreenMixTape,3h 01m 05s,Normal Mode,No DLC,No amiibo,Switch,2 years ago
227th,Goron,3h 26m 30s 100ms,Normal Mode,No DLC,No amiibo,Switch,3 years ago
228th,EraNovum,3h 26m 47s 700ms,Normal Mode,DLC,amiibo,Switch,1 year ago
229th,Srg6,6h 08m 58s,Normal Mode,DLC,No amiibo,Switch,2 years ago