-- phpMyAdmin SQL Dump
-- version 4.9.5
-- https://www.phpmyadmin.net/
--
-- Host: localhost:3306
-- Generation Time: Mar 17, 2021 at 08:54 PM
-- Server version: 5.7.24
-- PHP Version: 7.4.1

SET SQL_MODE = "NO_AUTO_VALUE_ON_ZERO";
SET AUTOCOMMIT = 0;
START TRANSACTION;
SET time_zone = "+00:00";


/*!40101 SET @OLD_CHARACTER_SET_CLIENT=@@CHARACTER_SET_CLIENT */;
/*!40101 SET @OLD_CHARACTER_SET_RESULTS=@@CHARACTER_SET_RESULTS */;
/*!40101 SET @OLD_COLLATION_CONNECTION=@@COLLATION_CONNECTION */;
/*!40101 SET NAMES utf8mb4 */;

--
-- Database: `speedrunning`
--
CREATE DATABASE IF NOT EXISTS `speedrunning` DEFAULT CHARACTER SET utf8 COLLATE utf8_general_ci;
USE `speedrunning`;

-- --------------------------------------------------------

--
-- Table structure for table `mario`
--

CREATE TABLE IF NOT EXISTS `mario` (
  `Rank` bigint(100) DEFAULT NULL,
  `Player` char(100) NOT NULL,
  `Time` char(100) DEFAULT NULL,
  `Verified` char(100) DEFAULT NULL,
  `Platform` char(100) DEFAULT NULL,
  `Date` char(100) DEFAULT NULL,
  PRIMARY KEY (`Player`)
) ENGINE=InnoDB DEFAULT CHARSET=utf8;

--
-- Dumping data for table `mario`
--

INSERT INTO `mario` (`Rank`, `Player`, `Time`, `Verified`, `Platform`, `Date`) VALUES
(338, '32', '5h 49m 41s', 'Yes', 'N64', '6 months ago'),
(305, '3zachm', '3h 06m 39s', 'Yes', 'N64', '3 years ago'),
(327, '456Productions_YT', '3h 56m 29s', 'Yes', 'N64', '5 months ago'),
(208, 'A.R.', '2h 02m 52s', 'Yes', 'N64', '2 weeks ago'),
(34, 'Akira', '1h 43m 23s', 'Yes', 'N64', '4 years ago'),
(271, 'Akirry', '2h 32m 25s', 'Yes', 'N64', '1 week ago'),
(25, 'akki', '1h 42m 26s', 'Yes', 'N64', '4 months ago'),
(100, 'alaris', '1h 48m 59s', 'Yes', 'N64', '3 years ago'),
(59, 'Alkobakknarko', '1h 45m 18s', 'Yes', 'N64', '3 years ago'),
(198, 'All', '1h 59m 59s', 'No', 'N64', NULL),
(311, 'Alphaman', '3h 20m 50s', 'Yes', 'N64', '6 years ago'),
(343, 'Andrick11', '16h 32m 42s', 'Yes', 'N64', '5 years ago'),
(325, 'andypanther', '3h 54m 37s', 'Yes', 'N64', '5 years ago'),
(316, 'AngryPotato', '3h 33m 26s', 'Yes', 'N64', '5 years ago'),
(58, 'Animazism', '1h 45m 17s', 'Yes', 'N64', '4 years ago'),
(254, 'Arbliterator', '2h 20m 22s', 'Yes', 'N64', '1 year ago'),
(153, 'Area', '1h 54m 35s', 'No', 'N64', '5 years ago'),
(74, 'arwyMilo', '1h 46m 08s', 'Yes', 'N64', '2 years ago'),
(330, 'AtomicHex', '4h 05m 04s', 'Yes', 'N64', '3 years ago'),
(332, 'Automat1cJack', '4h 19m 22s', 'Yes', 'N64', '4 years ago'),
(52, 'badroenis', '1h 44m 51s', 'Yes', 'N64', '1 week ago'),
(319, 'bakedpotato12', '3h 42m 33s', 'No', 'N64', '7 years ago'),
(99, 'Balls Out', '1h 48m 58s', 'No', 'N64', '6 years ago'),
(238, 'Bandow2000', '2h 15m 44s', 'Yes', 'N64', '2 years ago'),
(5, 'batora', '1h 38m 48s', 'Yes', 'N64', '4 days ago'),
(267, 'batts', '2h 28m 46s', 'Yes', 'N64', '6 years ago'),
(47, 'bebopbandit', '1h 44m 29s', 'Yes', 'N64', '7 months ago'),
(215, 'Ben', '2h 06m 52s', 'Yes', 'N64', '4 years ago'),
(227, 'Bernhard', '2h 12m 03s', 'Yes', 'N64', '3 weeks ago'),
(71, 'Beuca', '1h 45m 58s', 'Yes', 'N64', '1 year ago'),
(333, 'bigcheeese', '4h 38m 57s', 'Yes', 'N64', '9 months ago'),
(266, 'BigRy', '2h 28m 34s', 'Yes', 'N64', '5 years ago'),
(67, 'Biinny', '1h 45m 39s', 'Yes', 'N64', '1 year ago'),
(17, 'BlueBob', '1h 41m 24s', 'Yes', 'N64', '1 year ago'),
(130, 'bounceyboy', '1h 51m 20s', 'Yes', 'N64', '3 years ago'),
(277, 'Boutet64', '2h 37m 53s', 'Yes', 'N64', '2 years ago'),
(70, 'bromario28', '1h 45m 55s', 'Yes', 'N64', '2 years ago'),
(56, 'Butterlord', '1h 45m 09s', 'Yes', 'N64', '1 month ago'),
(112, 'C.R.H', '1h 49m 47s', 'Yes', 'N64', '2 years ago'),
(179, 'caivs', '1h 58m 18s', 'Yes', 'N64', '6 years ago'),
(110, 'CarlosDaMan', '1h 49m 44s', 'Yes', 'N64', '1 year ago'),
(232, 'Cchr1s', '2h 13m 03s', 'Yes', 'N64', '7 years ago'),
(1, 'cheese', '1h 38m 25s', 'Yes', 'N64', '1 month ago'),
(117, 'ChipGroove', '1h 49m 58s', 'Yes', 'N64', '2 weeks ago'),
(195, 'chomsky', '1h 59m 41s', 'Yes', 'N64', '1 month ago'),
(43, 'chubby', '1h 44m 01s', 'Yes', 'N64', '9 months ago'),
(92, 'ClintStevens', '1h 47m 55s', 'Yes', 'N64', '3 years ago'),
(132, 'ClysmiC', '1h 51m 56s', 'Yes', 'N64', '3 years ago'),
(72, 'Codo', '1h 45m 59s', 'Yes', 'N64', '3 years ago'),
(133, 'collins_vg', '1h 52m 05s', 'Yes', 'N64', '5 days ago'),
(334, 'Conklestothemax', '4h 40m 08s', 'Yes', 'N64', '3 years ago'),
(331, 'cookiegamer', '4h 13m 24s', 'Yes', 'N64', '5 months ago'),
(287, 'Cosmoing', '2h 44m 04s', 'Yes', 'N64', '4 years ago'),
(204, 'Crabshack', '2h 01m 42s', 'Yes', 'N64', '2 years ago'),
(136, 'Creator_Destroyer', '1h 52m 25s', 'Yes', 'N64', '2 years ago'),
(257, 'Cursetyl', '2h 22m 56s', 'Yes', 'N64', '2 years ago'),
(95, 'Custom', '1h 48m 11s', 'Yes', 'N64', '3 years ago'),
(290, 'Danichan', '2h 46m 32s', 'Yes', 'N64', '6 months ago'),
(341, 'DanimalSounds', '5h 59m 18s', 'Yes', 'N64', '4 years ago'),
(123, 'dazrin_', '1h 50m 13s', 'Yes', 'N64', '3 years ago'),
(42, 'Deftek', '1h 44m 00s', 'Yes', 'N64', '6 years ago'),
(61, 'Dekudude', '1h 45m 28s', 'Yes', 'N64', '7 months ago'),
(36, 'Descente', '1h 43m 30s', 'Yes', 'N64', '2 years ago'),
(11, 'Dezanig', '1h 39m 39s', 'Yes', 'N64', '2 months ago'),
(253, 'Diamonds', '2h 19m 37s', 'Yes', 'N64', '7 months ago'),
(216, 'Dingosweets', '2h 07m 09s', 'Yes', 'N64', '6 years ago'),
(156, 'disrespectless', '1h 55m 00s', 'Yes', 'N64', '2 years ago'),
(289, 'DJGOO', '2h 46m 09s', 'Yes', 'N64', '4 months ago'),
(245, 'DJS', '2h 18m 20s', 'Yes', 'N64', '4 years ago'),
(288, 'DNVIC', '2h 45m 10s', 'Yes', 'N64', '8 months ago'),
(225, 'Dragorn', '2h 10m 40s', 'Yes', 'N64', '14 years ago'),
(247, 'drimys', '2h 18m 24s', 'Yes', 'N64', '2 months ago'),
(32, 'Drogie', '1h 43m 16s', 'Yes', 'N64', '1 month ago'),
(201, 'drunkrunnercam', '2h 01m 18s', 'Yes', 'N64', '2 months ago'),
(129, 'Dublin', '1h 51m 08s', 'Yes', 'N64', '3 years ago'),
(291, 'dunewacky', '2h 50m 00s', 'Yes', 'N64', '1 year ago'),
(96, 'dustyrollout', '1h 48m 20s', 'Yes', 'N64', '4 years ago'),
(12, 'Dwhatever', '1h 40m 25s', 'Yes', 'N64', '1 year ago'),
(234, 'Dylan_SM64', '2h 14m 21s', 'Yes', 'N64', '3 years ago'),
(240, 'ElectricalSquid', '2h 16m 01s', 'Yes', 'N64', '6 days ago'),
(324, 'ElNacho', '3h 53m 21s', 'Yes', 'N64', '3 years ago'),
(295, 'Emmo', '2h 53m 22s', 'Yes', 'N64', '1 month ago'),
(113, 'Erumo', '1h 49m 49s', 'Yes', 'N64', '9 years ago'),
(13, 'Fafel', '1h 40m 43s', 'Yes', 'N64', '3 months ago'),
(237, 'fazerlazer80', '2h 15m 24s', 'Yes', 'N64', '1 year ago'),
(273, 'Fig02', '2h 36m 30s', 'Yes', 'N64', '4 years ago'),
(297, 'Flag', '2h 55m 03s', 'No', 'N64', NULL),
(41, 'Flippy_o', '1h 43m 55s', 'Yes', 'N64', '4 years ago'),
(101, 'Flixer', '1h 49m 04s', 'Yes', 'N64', '1 week ago'),
(154, 'Frost_Byte', '1h 54m 42s', 'Yes', 'N64', '7 months ago'),
(65, 'Fuff', '1h 45m 36s', 'Yes', 'N64', '3 months ago'),
(320, 'fullaire', '3h 42m 39s', 'Yes', 'N64', '6 months ago'),
(82, 'Fuzzyness', '1h 47m 02s', 'Yes', 'N64', '7 months ago'),
(252, 'g0goTBC', '2h 19m 34s', 'Yes', 'N64', '5 years ago'),
(20, 'Gainai', '1h 41m 53s', 'Yes', 'N64', '1 week ago'),
(241, 'GameShark', '2h 16m 24s', 'Yes', 'N64', '2 years ago'),
(193, 'game_complete', '1h 59m 35s', 'Yes', 'N64', '6 years ago'),
(74, 'Gana64', '1h 46m 08s', 'Yes', 'N64', '3 years ago'),
(236, 'gchierico91', '2h 15m 19s', 'Yes', 'N64', '10 months ago'),
(171, 'Gerbiez', '1h 57m 12s', 'Yes', 'N64', '7 months ago'),
(49, 'gohanie', '1h 44m 45s', 'Yes', 'N64', '4 years ago'),
(265, 'Gohgo', '2h 28m 23s', 'Yes', 'N64', '3 years ago'),
(19, 'Goldrush', '1h 41m 43s', 'Yes', 'N64', '2 months ago'),
(144, 'Gombill', '1h 53m 37s', 'Yes', 'N64', '8 years ago'),
(29, 'GothicLogic', '1h 42m 44s', 'Yes', 'N64', 'Today'),
(303, 'GreenSnowDog', '3h 04m 45s', 'Yes', 'N64', '4 weeks ago'),
(22, 'groovy31', '1h 42m 10s', 'Yes', 'N64', '2 years ago'),
(340, 'GTAce99', '5h 54m 57s', 'Yes', 'N64', '1 year ago'),
(23, 'GUTOA', '1h 42m 13s', 'Yes', 'N64', '3 years ago'),
(308, 'GuzzinatorLIVE', '3h 12m 13s', 'Yes', 'N64', '1 year ago'),
(175, 'Hafus', '1h 57m 43s', 'Yes', 'N64', '6 years ago'),
(142, 'Hakasay', '1h 53m 16s', 'Yes', 'N64', '1 week ago'),
(156, 'Hako', '1h 55m 00s', 'No', 'N64', '4 years ago'),
(38, 'Haliinen', '1h 43m 47s', 'Yes', 'N64', '5 years ago'),
(69, 'Hampern', '1h 45m 52s', 'No', 'N64', '6 years ago'),
(147, 'Haru様', '1h 53m 47s', 'Yes', 'N64', '4 years ago'),
(285, 'hassanblackmoslem', '2h 41m 44s', 'Yes', 'N64', '3 years ago'),
(173, 'Hatopoppo', '1h 57m 27s', 'No', 'N64', '8 years ago'),
(47, 'Hayato', '1h 44m 29s', 'Yes', 'N64', '3 years ago'),
(38, 'Heisenburger', '1h 43m 47s', 'Yes', 'N64', '10 months ago'),
(94, 'hellool', '1h 48m 01s', 'Yes', 'N64', '3 years ago'),
(161, 'Heyzeus', '1h 55m 35s', 'Yes', 'N64', '1 week ago'),
(85, 'Hirabomb', '1h 47m 16s', 'No', 'N64', '6 years ago'),
(6, 'hokorobi', '1h 38m 54s', 'Yes', 'N64', '1 month ago'),
(51, 'Honey', '1h 44m 50s', 'Yes', 'N64', '8 years ago'),
(258, 'hugfal055', '2h 23m 07s', 'Yes', 'N64', '1 month ago'),
(80, 'hyassin27', '1h 46m 55s', 'Yes', 'N64', '3 years ago'),
(97, 'igreil', '1h 48m 25s', 'Yes', 'N64', '5 years ago'),
(14, 'ikori_o', '1h 40m 44s', 'Yes', 'N64', '1 year ago'),
(261, 'Illu', '2h 25m 09s', 'Yes', 'N64', '8 years ago'),
(278, 'iMartz3', '2h 38m 09s', 'No', 'N64', '2 years ago'),
(312, 'imSpenc', '3h 24m 23s', 'Yes', 'N64', '3 years ago'),
(275, 'iotku', '2h 37m 42s', 'Yes', 'N64', '3 years ago'),
(184, 'IR', '1h 59m 00s', 'Yes', 'N64', '1 year ago'),
(8, 'iso01', '1h 39m 25s', 'Yes', 'N64', '5 days ago'),
(189, 'Ivan', '1h 59m 25s', 'Yes', 'N64', '10 months ago'),
(206, 'Jalapiñecone', '2h 02m 08s', 'Yes', 'N64', '7 months ago'),
(280, 'Jane', '2h 39m 01s', 'No', 'N64', '6 years ago'),
(35, 'jane_dair', '1h 43m 25s', 'Yes', 'N64', '2 months ago'),
(148, 'JazzyChoi1991', '1h 53m 48s', 'Yes', 'N64', '4 years ago'),
(125, 'Jebuskiller', '1h 50m 18s', 'Yes', 'N64', '10 months ago'),
(91, 'JJsrl', '1h 47m 54s', 'Yes', 'N64', '2 years ago'),
(106, 'Jolteon92', '1h 49m 35s', 'Yes', 'N64', '4 years ago'),
(165, 'jpmadison64', '1h 56m 00s', 'Yes', 'N64', '3 years ago'),
(313, 'Jumpyluff', '3h 24m 26s', 'No', 'N64', NULL),
(186, 'JustinDT', '1h 59m 13s', 'Yes', 'N64', '6 years ago'),
(15, 'kagami', '1h 40m 48s', 'Yes', 'N64', '1 month ago'),
(77, 'Kally', '1h 46m 38s', 'Yes', 'N64', '1 week ago'),
(342, 'kam4ran', '10h 40m 40s', 'Yes', 'N64', '9 months ago'),
(9, 'Karin', '1h 39m 38s', 'Yes', 'N64', '4 months ago'),
(239, 'Kasual', '2h 15m 56s', 'Yes', 'N64', '8 months ago'),
(200, 'Kazushi-Bomber', '2h 00m 59s', 'No', 'N64', NULL),
(244, 'kingvideogamer', '2h 17m 28s', 'Yes', 'N64', '2 months ago'),
(306, 'kirbyfan5009', '3h 08m 50s', 'Yes', 'N64', '3 years ago'),
(263, 'kirsche.', '2h 26m 56s', 'No', 'N64', NULL),
(220, 'Kiyo', '2h 08m 08s', 'No', 'N64', '9 years ago'),
(44, 'KobrahCJ', '1h 44m 08s', 'Yes', 'N64', '3 months ago'),
(304, 'Korupo', '3h 05m 06s', 'No', 'N64', NULL),
(127, 'kryptic80', '1h 50m 41s', 'Yes', 'N64', '3 years ago'),
(115, 'kumasyatyou', '1h 49m 55s', 'Yes', 'N64', '3 years ago'),
(27, 'Kyman', '1h 42m 35s', 'Yes', 'N64', '4 years ago'),
(213, 'lackattack', '2h 05m 11s', 'Yes', 'N64', '1 week ago'),
(318, 'Leck', '3h 41m 40s', 'Yes', 'N64', '2 months ago'),
(4, 'Liam', '1h 38m 43s', 'Yes', 'N64', '11 months ago'),
(270, 'll5gus', '2h 30m 22s', 'Yes', 'N64', '2 years ago'),
(158, 'Lluuccuuss', '1h 55m 19s', 'Yes', 'N64', '4 years ago'),
(329, 'lozplyr89', '3h 58m 46s', 'Yes', 'N64', '3 years ago'),
(212, 'LucoSRL', '2h 04m 58s', 'Yes', 'N64', '8 months ago'),
(53, 'luke994', '1h 44m 56s', 'No', 'N64', '6 years ago'),
(88, 'm0m0', '1h 47m 46s', 'Yes', 'N64', '1 year ago'),
(214, 'Marco', '2h 05m 35s', 'Yes', 'N64', '1 year ago'),
(335, 'MarcyG33', '4h 40m 44s', 'Yes', 'N64', '1 year ago'),
(187, 'Marshall', '1h 59m 21s', 'Yes', 'N64', '7 months ago'),
(141, 'marshmallow.', '1h 53m 00s', 'Yes', 'N64', '4 years ago'),
(121, 'Marteeny', '1h 50m 06s', 'Yes', 'N64', '10 months ago'),
(262, 'Maru', '2h 25m 46s', 'No', 'N64', NULL),
(172, 'mash112', '1h 57m 16s', 'Yes', 'N64', '3 years ago'),
(323, 'mattskid92', '3h 52m 03s', 'Yes', 'N64', '3 years ago'),
(248, 'max25', '2h 18m 57s', 'Yes', 'N64', '10 months ago'),
(45, 'Melty', '1h 44m 15s', 'Yes', 'N64', '3 weeks ago'),
(159, 'mercredi', '1h 55m 33s', 'Yes', 'N64', '1 year ago'),
(183, 'Mese', '1h 58m 56s', 'No', 'N64', '6 years ago'),
(299, 'minikori', '2h 55m 55s', 'Yes', 'N64', '6 years ago'),
(197, 'MiracleTea', '1h 59m 50s', 'Yes', 'N64', '7 years ago'),
(49, 'Mitagi', '1h 44m 45s', 'Yes', 'N64', '3 years ago'),
(143, 'mitcho', '1h 53m 24s', 'Yes', 'N64', '5 years ago'),
(242, 'Moewe', '2h 16m 34s', 'No', 'N64', NULL),
(160, 'moodehh', '1h 55m 34s', 'No', 'N64', '6 years ago'),
(181, 'Moose', '1h 58m 20s', 'Yes', 'N64', '6 years ago'),
(274, 'Mousecopp', '2h 37m 03s', 'Yes', 'N64', '4 years ago'),
(166, 'MrJimmysteel25', '1h 56m 20s', 'Yes', 'N64', '8 months ago'),
(177, 'MrMeanMoustache', '1h 57m 56s', 'Yes', 'N64', '3 months ago'),
(78, 'MrSpeedrun', '1h 46m 47s', 'Yes', 'N64', '3 years ago'),
(149, 'MutantsAbyss', '1h 54m 15s', 'Yes', 'N64', '1 year ago'),
(310, 'MyNameIsMoo', '3h 17m 06s', 'Yes', 'N64', '7 months ago'),
(63, 'm_vitor', '1h 45m 31s', 'Yes', 'N64', '1 year ago'),
(131, 'naji', '1h 51m 26s', 'Yes', 'N64', '3 years ago'),
(314, 'NathanielBandy', '3h 28m 46s', 'Yes', 'N64', '5 years ago'),
(21, 'nero_x2', '1h 42m 09s', 'Yes', 'N64', '6 years ago'),
(336, 'Nickfin', '4h 56m 09s', 'No', 'N64', NULL),
(231, 'NicoSpeedsub', '2h 12m 46s', 'Yes', 'N64', '4 years ago'),
(286, 'Niplob', '2h 42m 16s', 'Yes', 'N64', '3 months ago'),
(60, 'Noizeeh', '1h 45m 27s', 'Yes', 'N64', '6 years ago'),
(260, 'Nora-Megane', '2h 24m 22s', 'No', 'N64', '4 years ago'),
(180, 'NyZ', '1h 58m 19s', 'No', 'N64', '7 years ago'),
(106, 'ohaithereman', '1h 49m 35s', 'Yes', 'N64', '4 years ago'),
(293, 'OkamiBW', '2h 50m 36s', 'Yes', 'N64', '2 years ago'),
(249, 'okamoto', '2h 19m 06s', 'No', 'N64', NULL),
(284, 'P4ntz', '2h 41m 37s', 'Yes', 'N64', '5 years ago'),
(145, 'packerzilla', '1h 53m 43s', 'Yes', 'N64', '1 month ago'),
(9, 'Paracusia', '1h 39m 38s', 'Yes', 'N64', '3 weeks ago'),
(168, 'Paru02', '1h 56m 24s', 'Yes', 'N64', '3 weeks ago'),
(251, 'Pauliii23', '2h 19m 28s', 'Yes', 'N64', '3 years ago'),
(152, 'PernaMan64', '1h 54m 26s', 'Yes', 'N64', '1 year ago'),
(92, 'peta', '1h 47m 55s', 'Yes', 'N64', '6 months ago'),
(98, 'pete', '1h 48m 29s', 'Yes', 'N64', '2 years ago'),
(24, 'phantaxx', '1h 42m 24s', 'Yes', 'N64', '2 years ago'),
(207, 'pierrenoelle', '2h 02m 12s', 'Yes', 'N64', '1 week ago'),
(128, 'PKT_Distinct', '1h 50m 50s', 'Yes', 'N64', '4 months ago'),
(79, 'pobo', '1h 46m 51s', 'Yes', 'N64', '6 years ago'),
(126, 'popesquidward', '1h 50m 38s', 'Yes', 'N64', '8 months ago'),
(292, 'Prakxoelpatatita', '2h 50m 05s', 'Yes', 'N64', '1 year ago'),
(223, 'PricelessNightmare', '2h 09m 35s', 'Yes', 'N64', '3 years ago'),
(167, 'Progji', '1h 56m 22s', 'Yes', 'N64', '2 weeks ago'),
(61, 'protoman5', '1h 45m 28s', 'Yes', 'N64', '1 year ago'),
(256, 'PsioNick', '2h 21m 57s', 'Yes', 'N64', '1 year ago'),
(272, 'Pterojacktyl', '2h 33m 32s', 'Yes', 'N64', '6 years ago'),
(3, 'puncayshun', '1h 38m 32s', 'Yes', 'N64', '5 days ago'),
(185, 'pupple816', '1h 59m 07s', 'Yes', 'N64', '6 years ago'),
(301, 'Purple', '2h 56m 32s', 'Yes', 'N64', '1 year ago'),
(326, 'quo', '3h 56m 08s', 'Yes', 'N64', '1 year ago'),
(169, 'race_out', '1h 56m 26s', 'Yes', 'N64', '5 years ago'),
(321, 'RaikouRider', '3h 46m 48s', 'Yes', 'N64', '3 years ago'),
(202, 'Ratchetx7', '2h 01m 26s', 'Yes', 'N64', '10 months ago'),
(317, 'RawkusX', '3h 40m 43s', 'Yes', 'N64', '5 years ago'),
(192, 'realblopez', '1h 59m 34s', 'Yes', 'N64', '8 months ago'),
(108, 'Redd', '1h 49m 40s', 'Yes', 'N64', '7 months ago'),
(283, 'Redhawk36', '2h 41m 22s', 'Yes', 'N64', '3 years ago'),
(170, 'Redmoss', '1h 56m 32s', 'Yes', 'N64', '4 years ago'),
(109, 'Reil', '1h 49m 42s', 'Yes', 'N64', '6 years ago'),
(124, 'RetroRuns', '1h 50m 15s', 'Yes', 'N64', '10 months ago'),
(73, 'ringo792', '1h 46m 05s', 'Yes', 'N64', '2 weeks ago'),
(302, 'Rochoe', '2h 56m 36s', 'Yes', 'N64', '4 years ago'),
(18, 'RockChalk19', '1h 41m 28s', 'Yes', 'N64', '1 week ago'),
(119, 'Rorotto', '1h 49m 59s', 'Yes', 'N64', '7 years ago'),
(119, 'ryou', '1h 49m 59s', 'Yes', 'N64', '8 years ago'),
(176, 'Saellan', '1h 57m 46s', 'Yes', 'N64', '6 years ago'),
(64, 'saksdal', '1h 45m 34s', 'Yes', 'N64', '1 year ago'),
(219, 'SamCity', '2h 07m 49s', 'Yes', 'N64', '4 years ago'),
(117, 'Sasurainopū', '1h 49m 58s', 'No', 'N64', NULL),
(85, 'Schnoz64', '1h 47m 16s', 'Yes', 'N64', '4 weeks ago'),
(298, 'ScliffBartoni', '2h 55m 24s', 'Yes', 'N64', '1 month ago'),
(103, 'SeanRaider', '1h 49m 32s', 'Yes', 'N64', '3 months ago'),
(134, 'Seanzy', '1h 52m 12s', 'No', 'N64', '6 years ago'),
(268, 'SecretHumorMan', '2h 29m 54s', 'Yes', 'N64', '9 months ago'),
(196, 'Seiozi', '1h 59m 42s', 'Yes', 'N64', '9 months ago'),
(182, 'SerenaFlux', '1h 58m 41s', 'Yes', 'N64', '9 months ago'),
(150, 'Seseragi', '1h 54m 19s', 'No', 'N64', NULL),
(296, 'Sethblake97', '2h 54m 49s', 'Yes', 'N64', '1 year ago'),
(226, 'sgtkillz', '2h 10m 49s', 'Yes', 'N64', '6 years ago'),
(138, 'Shigeru', '1h 52m 40s', 'No', 'N64', '10 years ago'),
(155, 'Shirai', '1h 54m 46s', 'Yes', 'N64', '8 years ago'),
(218, 'Shō', '2h 07m 40s', 'No', 'N64', '10 years ago'),
(84, 'Shy', '1h 47m 05s', 'Yes', 'N64', '4 years ago'),
(102, 'sicko', '1h 49m 27s', 'No', 'N64', '7 years ago'),
(233, 'sigalig', '2h 13m 36s', 'Yes', 'N64', '7 months ago'),
(40, 'siglemic', '1h 43m 53s', 'Yes', 'N64', '6 years ago'),
(281, 'Silas', '2h 39m 38s', 'Yes', 'N64', '2 years ago'),
(315, 'silvarethedwarf', '3h 30m 42s', 'Yes', 'N64', '11 months ago'),
(300, 'Silver', '2h 55m 59s', 'Yes', 'N64', '3 months ago'),
(105, 'SimpleFlips', '1h 49m 34s', 'Yes', 'N64', '6 years ago'),
(2, 'simply', '1h 38m 28s', 'Yes', 'N64', '9 months ago'),
(209, 'Skaredogged97', '2h 03m 49s', 'Yes', 'N64', '5 years ago'),
(211, 'Skylar29', '2h 04m 38s', 'Yes', 'N64', '1 year ago'),
(322, 'smartalec0624', '3h 48m 39s', 'Yes', 'N64', '4 years ago'),
(151, 'SmashBrawler64', '1h 54m 22s', 'Yes', 'N64', '3 years ago'),
(194, 'Smurfy', '1h 59m 39s', 'Yes', 'N64', '1 month ago'),
(178, 'Snowman', '1h 58m 12s', 'Yes', 'N64', '6 years ago'),
(189, 'soda', '1h 59m 25s', 'Yes', 'N64', '1 week ago'),
(30, 'Souli', '1h 42m 57s', 'Yes', 'N64', '1 year ago'),
(205, 'Sovlo', '2h 01m 45s', 'Yes', 'N64', '2 years ago'),
(264, 'spanky', '2h 28m 08s', 'Yes', 'N64', '4 years ago'),
(339, 'SpeedNintendo', '5h 51m 44s', 'Yes', 'N64', '1 year ago'),
(116, 'Squirr3I', '1h 49m 56s', 'Yes', 'N64', '1 year ago'),
(203, 'SteveMassey', '2h 01m 39s', 'Yes', 'N64', '4 years ago'),
(246, 'stevenashe', '2h 18m 22s', 'Yes', 'N64', '1 year ago'),
(228, 'steveobroil', '2h 12m 15s', 'Yes', 'N64', '4 years ago'),
(229, 'Stomr', '2h 12m 17s', 'Yes', 'N64', '3 weeks ago'),
(279, 'Suisui', '2h 38m 54s', 'No', 'N64', NULL),
(66, 'SuperViperT302', '1h 45m 37s', 'Yes', 'N64', '5 months ago'),
(33, 'Tabascoth', '1h 43m 21s', 'Yes', 'N64', '11 months ago'),
(309, 'TacoDeTrompo', '3h 16m 53s', 'Yes', 'N64', '4 months ago'),
(7, 'Taggo', '1h 39m 04s', 'Yes', 'N64', '1 year ago'),
(243, 'taka12352', '2h 17m 12s', 'No', 'N64', NULL),
(140, 'TAKEN', '1h 52m 46s', 'Yes', 'N64', '3 years ago'),
(31, 'taylor3311', '1h 43m 12s', 'Yes', 'N64', '1 month ago'),
(255, 'Teensies_King', '2h 21m 15s', 'Yes', 'N64', '6 years ago'),
(88, 'Teguru', '1h 47m 46s', 'Yes', 'N64', '2 years ago'),
(135, 'thags15', '1h 52m 20s', 'Yes', 'N64', '1 year ago'),
(137, 'ThatDrunkenDwarf', '1h 52m 26s', 'Yes', 'N64', '5 years ago'),
(259, 'TheButterMaster101', '2h 23m 19s', 'Yes', 'N64', '1 month ago'),
(162, 'TheDarkmanWs', '1h 55m 38s', 'No', 'N64', '7 years ago'),
(328, 'Thiradell', '3h 58m 02s', 'Yes', 'N64', '4 years ago'),
(217, 'Tit0MEX_64', '2h 07m 16s', 'Yes', 'N64', '2 days ago'),
(224, 'tjk', '2h 10m 06s', 'Yes', 'N64', '1 month ago'),
(164, 'Toadfan5', '1h 55m 47s', 'Yes', 'N64', '2 weeks ago'),
(307, 'Toadntoady', '3h 10m 01s', 'Yes', 'N64', '4 years ago'),
(26, 'toastrider91', '1h 42m 28s', 'Yes', 'N64', '5 years ago'),
(188, 'Tomtendo', '1h 59m 24s', 'Yes', 'N64', '1 year ago'),
(250, 'TonesBalones', '2h 19m 09s', 'Yes', 'N64', '4 years ago'),
(90, 'Toufool', '1h 47m 52s', 'Yes', 'N64', '7 years ago'),
(83, 'trevor107', '1h 47m 04s', 'Yes', 'N64', '4 years ago'),
(222, 'TRV', '2h 09m 21s', 'Yes', 'N64', '10 years ago'),
(269, 'TsukishimaMaria', '2h 30m 03s', 'No', 'N64', NULL),
(54, 'turara32767', '1h 44m 59s', 'Yes', 'N64', '1 year ago'),
(145, 'TwitchName', '1h 53m 43s', 'Yes', 'N64', '1 year ago'),
(209, 'TWLinkx2', '2h 03m 49s', 'Yes', 'N64', '3 months ago'),
(110, 'Tyler9698', '1h 49m 44s', 'Yes', 'N64', '3 years ago'),
(294, 'Uchou', '2h 52m 02s', 'No', 'N64', NULL),
(282, 'Umbreoff', '2h 41m 14s', 'Yes', 'N64', '2 years ago'),
(28, 'V1RO', '1h 42m 42s', 'Yes', 'N64', '1 year ago'),
(122, 'Vincertain', '1h 50m 08s', 'Yes', 'N64', '9 months ago'),
(221, 'Voodle', '2h 08m 56s', 'Yes', 'N64', '8 years ago'),
(276, 'Voxelic', '2h 37m 48s', 'Yes', 'N64', '8 years ago'),
(104, 'Washeyy', '1h 49m 33s', 'No', 'N64', '5 years ago'),
(81, 'watapachi67', '1h 46m 56s', 'Yes', 'N64', '6 months ago'),
(16, 'Weegee', '1h 40m 59s', 'Yes', 'N64', '3 months ago'),
(174, 'Why', '1h 57m 36s', 'Yes', 'N64', '8 years ago'),
(46, 'Widdit', '1h 44m 17s', 'Yes', 'N64', '8 months ago'),
(55, 'Wilko', '1h 45m 00s', 'Yes', 'N64', '6 days ago'),
(139, 'wilzo', '1h 52m 45s', 'Yes', 'N64', '4 years ago'),
(235, 'wispx', '2h 14m 39s', 'Yes', 'N64', '1 year ago'),
(57, 'Wrizzey', '1h 45m 12s', 'Yes', 'N64', '1 month ago'),
(68, 'Xein64', '1h 45m 47s', 'Yes', 'N64', '10 months ago'),
(163, 'Xiah', '1h 55m 46s', 'No', 'N64', '7 years ago'),
(37, 'Xoofey', '1h 43m 32s', 'Yes', 'N64', '6 months ago'),
(85, 'Yale', '1h 47m 16s', 'Yes', 'N64', '11 months ago'),
(114, 'YarvishSaseko', '1h 49m 52s', 'Yes', 'N64', '3 years ago'),
(189, 'YobunTeme', '1h 59m 25s', 'Yes', 'N64', '1 year ago'),
(76, 'ZDeztroyerz', '1h 46m 19s', 'Yes', 'N64', '3 years ago'),
(198, 'ZEOKU', '1h 59m 59s', 'No', 'N64', '8 years ago'),
(337, 'ziggittyzig', '5h 07m 37s', 'Yes', 'N64', '11 months ago');

-- --------------------------------------------------------

--
-- Table structure for table `mario70`
--

CREATE TABLE IF NOT EXISTS `mario70` (
  `Rank` bigint(100) DEFAULT NULL,
  `Player` char(100) NOT NULL,
  `Time` char(100) DEFAULT NULL,
  `Verified` char(100) DEFAULT NULL,
  `Platform` char(100) DEFAULT NULL,
  `Date` char(100) DEFAULT NULL,
  PRIMARY KEY (`Player`)
) ENGINE=InnoDB DEFAULT CHARSET=utf8;

--
-- Dumping data for table `mario70`
--

INSERT INTO `mario70` (`Rank`, `Player`, `Time`, `Verified`, `Platform`, `Date`) VALUES
(176, '5upamayne', '52m 20s', 'Yes', 'N64', '7 years ago'),
(292, 'AGR', '54m 49s', 'Yes', 'N64', '4 years ago'),
(236, 'AJLane', '53m 38s', 'Yes', 'N64', '2 months ago'),
(120, 'Akiba', '51m 10s', 'Yes', 'N64', '4 years ago'),
(34, 'Akira', '49m 03s', 'Yes', 'N64', '4 years ago'),
(55, 'akki', '49m 33s', 'Yes', 'N64', '2 years ago'),
(140, 'alaris', '51m 32s', 'Yes', 'N64', '1 year ago'),
(248, 'AlexGanonSm64', '53m 54s', 'Yes', 'N64', '1 year ago'),
(32, 'alextolio', '48m 57s', 'Yes', 'N64', '5 years ago'),
(90, 'Alkobakknarko', '50m 04s', 'Yes', 'N64', '3 years ago'),
(277, 'All', '54m 36s', 'No', 'N64', NULL),
(27, 'Animazism', '48m 45s', 'No', 'N64', '4 years ago'),
(190, 'Apeduden', '52m 42s', 'Yes', 'N64', '6 months ago'),
(256, 'Arbliterator', '54m 04s', 'Yes', 'N64', '1 year ago'),
(279, 'Area', '54m 37s', 'No', 'N64', NULL),
(89, 'Armada', '50m 02s', 'Yes', 'N64', '3 days ago'),
(216, 'Artemis', '53m 12s', 'Yes', 'N64', '4 months ago'),
(120, 'arwyMilo', '51m 10s', 'Yes', 'N64', '3 years ago'),
(66, 'badroenis', '49m 41s', 'Yes', 'N64', '2 weeks ago'),
(12, 'batora', '48m 14s', 'Yes', 'N64', '4 years ago'),
(290, 'BeastAssassin67', '54m 47s', 'Yes', 'N64', '1 year ago'),
(92, 'bebopbandit', '50m 05s', 'Yes', 'N64', '7 months ago'),
(10, 'Benji64', '47m 58s', 'Yes', 'N64', '1 month ago'),
(111, 'Beuca', '50m 44s', 'Yes', 'N64', '2 years ago'),
(40, 'bev_prune_', '49m 10s', 'Yes', 'N64', '3 weeks ago'),
(284, 'BewtsyKawlins', '54m 38s', 'Yes', 'N64', '3 years ago'),
(6, 'Biinny', '47m 39s', 'Yes', 'N64', '7 months ago'),
(160, 'Bird650', '51m 54s', 'Yes', 'N64', '7 months ago'),
(11, 'BlueBob', '48m 12s', 'Yes', 'N64', '2 days ago'),
(237, 'bofa_shuckle', '53m 39s', 'Yes', 'N64', '1 year ago'),
(264, 'bounceyboy', '54m 25s', 'Yes', 'N64', '3 years ago'),
(137, 'bromario28', '51m 28s', 'Yes', 'N64', '2 years ago'),
(108, 'Butterlord', '50m 39s', 'Yes', 'N64', '1 month ago'),
(153, 'C.R.H', '51m 50s', 'Yes', 'N64', '8 years ago'),
(229, 'caivs', '53m 26s', 'Yes', 'N64', '7 years ago'),
(224, 'CarlosDaMan', '53m 22s', 'Yes', 'N64', '1 year ago'),
(79, 'CartoonBuffoon', '49m 55s', 'Yes', 'N64', '1 year ago'),
(226, 'CharlieBrown', '53m 23s', 'Yes', 'N64', '2 months ago'),
(5, 'cheese', '47m 34s', 'Yes', 'N64', '3 years ago'),
(221, 'CheesyLeech', '53m 20s', 'Yes', 'N64', '1 week ago'),
(86, 'ChipGroove', '49m 59s', 'Yes', 'N64', '1 month ago'),
(235, 'chomsky', '53m 35s', 'Yes', 'N64', '1 month ago'),
(287, 'chosis', '54m 46s', 'Yes', 'N64', '1 year ago'),
(247, 'Chreymd', '53m 53s', 'Yes', 'N64', '2 years ago'),
(38, 'chubby', '49m 09s', 'Yes', 'N64', '10 months ago'),
(286, 'Cillit', '54m 43s', 'Yes', 'N64', '2 years ago'),
(57, 'ClintStevens', '49m 34s', 'Yes', 'N64', '8 months ago'),
(223, 'ClysmiC', '53m 21s', 'Yes', 'N64', '3 years ago'),
(79, 'Codo', '49m 55s', 'Yes', 'N64', '4 years ago'),
(170, 'collins_vg', '52m 12s', 'Yes', 'N64', '3 weeks ago'),
(260, 'conmangamer22', '54m 13s', 'Yes', 'N64', '11 months ago'),
(103, 'Copitz', '50m 24s', 'Yes', 'N64', '2 years ago'),
(186, 'Copy', '52m 36s', 'Yes', 'N64', '1 year ago'),
(90, 'Creator_Destroyer', '50m 04s', 'Yes', 'N64', '2 years ago'),
(188, 'crevasse', '52m 39s', 'Yes', 'N64', '3 years ago'),
(53, 'Custom', '49m 28s', 'Yes', 'N64', '4 years ago'),
(22, 'darkdog47', '48m 25s', 'Yes', 'N64', '2 months ago'),
(68, 'Deftek', '49m 46s', 'Yes', 'N64', '6 years ago'),
(48, 'Dekudude', '49m 20s', 'Yes', 'N64', '3 days ago'),
(126, 'Descente', '51m 18s', 'Yes', 'N64', '6 years ago'),
(23, 'Dezanig', '48m 38s', 'Yes', 'N64', '3 years ago'),
(83, 'dinkyslinky', '49m 56s', 'Yes', 'N64', '5 months ago'),
(212, 'disrespectless', '53m 06s', 'Yes', 'N64', '2 years ago'),
(87, 'dongerduck', '50m 00s', 'Yes', 'N64', '1 month ago'),
(20, 'Dowsky', '48m 24s', 'Yes', 'N64', '1 year ago'),
(295, 'drimys', '54m 54s', 'Yes', 'N64', '1 week ago'),
(45, 'Drogie', '49m 18s', 'Yes', 'N64', '1 year ago'),
(174, 'Dublin', '52m 19s', 'Yes', 'N64', '3 years ago'),
(248, 'dumpdome64', '53m 54s', 'Yes', 'N64', '10 months ago'),
(115, 'dustyrollout', '50m 54s', 'Yes', 'N64', '5 years ago'),
(1, 'Dwhatever', '46m 59s', 'Yes', 'N64', '9 months ago'),
(268, 'Eerit', '54m 28s', 'Yes', 'N64', '3 years ago'),
(145, 'eleesuh', '51m 37s', 'Yes', 'N64', '1 month ago'),
(205, 'Erumo', '52m 56s', 'Yes', 'N64', '9 years ago'),
(87, 'Eyrik', '50m 00s', 'Yes', 'N64', '3 weeks ago'),
(30, 'Fafel', '48m 55s', 'Yes', 'N64', '10 months ago'),
(273, 'Fizz', '54m 32s', 'Yes', 'N64', '9 months ago'),
(294, 'FleetingAzure', '54m 53s', 'Yes', 'N64', '2 weeks ago'),
(244, 'Flippy_o', '53m 48s', 'Yes', 'N64', '5 years ago'),
(25, 'Flixer', '48m 42s', 'Yes', 'N64', '1 month ago'),
(101, 'Frost_Byte', '50m 20s', 'Yes', 'N64', '1 month ago'),
(267, 'Frozzieris', '54m 26s', 'Yes', 'N64', '2 years ago'),
(161, 'Fuff', '51m 55s', 'Yes', 'N64', '8 months ago'),
(104, 'Fuzzyness', '50m 26s', 'Yes', 'N64', '6 months ago'),
(15, 'Gainai', '48m 17s', 'Yes', 'N64', '7 months ago'),
(298, 'GameShark', '54m 57s', 'Yes', 'N64', '2 years ago'),
(156, 'game_complete', '51m 52s', 'Yes', 'N64', '9 months ago'),
(161, 'Gamiru', '51m 55s', 'Yes', 'N64', '2 years ago'),
(262, 'Gana64', '54m 14s', 'No', 'N64', '5 years ago'),
(157, 'GeeniX', '51m 53s', 'Yes', 'N64', '2 weeks ago'),
(63, 'Gerbiez', '49m 40s', 'Yes', 'N64', '2 months ago'),
(79, 'gohanie', '49m 55s', 'Yes', 'N64', '5 years ago'),
(8, 'Goldrush', '47m 55s', 'Yes', 'N64', '11 months ago'),
(176, 'Gombill', '52m 20s', 'Yes', 'N64', '2 weeks ago'),
(52, 'GothicLogic', '49m 25s', 'Yes', 'N64', '1 year ago'),
(241, 'grb', '53m 42s', 'Yes', 'N64', '3 years ago'),
(42, 'groovy31', '49m 11s', 'Yes', 'N64', '2 years ago'),
(299, 'Guro', '54m 59s', 'No', 'N64', '8 years ago'),
(73, 'GUTOA', '49m 49s', 'Yes', 'N64', '5 years ago'),
(226, 'Guy2308', '53m 23s', 'Yes', 'N64', '2 years ago'),
(123, 'Hafus', '51m 16s', 'Yes', 'N64', '1 year ago'),
(118, 'Hakasay', '51m 04s', 'Yes', 'N64', '6 months ago'),
(195, 'Hako', '52m 46s', 'Yes', 'N64', '5 years ago'),
(33, 'Haliinen', '49m 01s', 'Yes', 'N64', '5 years ago'),
(100, 'Hampern', '50m 19s', 'No', 'N64', '6 years ago'),
(157, 'Haru様', '51m 53s', 'Yes', 'N64', '4 years ago'),
(122, 'Hatopoppo', '51m 12s', 'Yes', 'N64', '8 years ago'),
(17, 'Hayato', '48m 22s', 'Yes', 'N64', '3 years ago'),
(75, 'Heisenburger', '49m 50s', 'Yes', 'N64', '2 years ago'),
(155, 'hellool', '51m 51s', 'Yes', 'N64', '3 years ago'),
(174, 'HeroicHero702', '52m 19s', 'Yes', 'N64', '4 years ago'),
(279, 'Heyzeus', '54m 37s', 'Yes', 'N64', '3 months ago'),
(106, 'Hirabomb', '50m 34s', 'No', 'N64', '6 years ago'),
(143, 'Hisu', '51m 34s', 'Yes', 'N64', '9 years ago'),
(18, 'hokorobi', '48m 23s', 'Yes', 'N64', '2 weeks ago'),
(67, 'Honey', '49m 42s', 'Yes', 'N64', '9 years ago'),
(111, 'HorrorDoesSpeedRuns', '50m 44s', 'Yes', 'N64', '2 weeks ago'),
(229, 'hugfal055', '53m 26s', 'Yes', 'N64', '2 months ago'),
(126, 'igreil', '51m 18s', 'Yes', 'N64', '4 years ago'),
(8, 'ikori_o', '47m 55s', 'Yes', 'N64', '1 year ago'),
(258, 'IR', '54m 12s', 'Yes', 'N64', '1 year ago'),
(277, 'Ivan', '54m 36s', 'Yes', 'N64', '1 year ago'),
(152, 'Jalapiñecone', '51m 48s', 'Yes', 'N64', '8 months ago'),
(92, 'jane_dair', '50m 05s', 'Yes', 'N64', '6 months ago'),
(95, 'jaquarium', '50m 12s', 'Yes', 'N64', '3 weeks ago'),
(114, 'Jaybomb', '50m 49s', 'Yes', 'N64', '1 month ago'),
(179, 'JazzyChoi1991', '52m 22s', 'Yes', 'N64', '4 years ago'),
(285, 'Jebuskiller', '54m 40s', NULL, 'N64', '3 years ago'),
(36, 'JJsrl', '49m 07s', 'Yes', 'N64', '1 year ago'),
(79, 'joerandom', '49m 55s', 'Yes', 'N64', '9 months ago'),
(125, 'Jolteon92', '51m 17s', 'Yes', 'N64', '4 years ago'),
(263, 'jpags', '54m 21s', 'Yes', 'N64', '11 months ago'),
(248, 'jpmadison64', '53m 54s', 'Yes', 'N64', '3 years ago'),
(217, 'JustinDT', '53m 13s', 'Yes', 'N64', '6 years ago'),
(226, 'juuunas', '53m 23s', 'Yes', 'N64', '5 years ago'),
(190, 'kaffelon', '52m 42s', 'Yes', 'N64', '2 years ago'),
(28, 'kagami', '48m 49s', 'Yes', 'N64', '3 weeks ago'),
(95, 'Kally', '50m 12s', 'Yes', 'N64', '3 weeks ago'),
(26, 'Karin', '48m 44s', 'Yes', 'N64', '11 months ago'),
(169, 'Karyno', '52m 08s', 'Yes', 'N64', '2 months ago'),
(224, 'Keubab', '53m 22s', 'Yes', 'N64', '1 month ago'),
(255, 'kitcarsonn', '54m 01s', 'Yes', 'N64', '6 months ago'),
(260, 'Kiyo', '54m 13s', 'No', 'N64', '10 years ago'),
(69, 'KobrahCJ', '49m 47s', 'Yes', 'N64', '2 years ago'),
(70, 'kryptic80', '49m 48s', 'Yes', 'N64', '2 months ago'),
(135, 'kumasyatyou', '51m 26s', 'Yes', 'N64', '3 years ago'),
(24, 'Kyman', '48m 39s', 'Yes', 'N64', '3 years ago'),
(287, 'Kyuru', '54m 46s', 'No', 'N64', '9 years ago'),
(269, 'L0W_EFF0RT', '54m 29s', 'Yes', 'N64', '2 weeks ago'),
(20, 'Liam', '48m 24s', 'Yes', 'N64', '2 years ago'),
(217, 'Lilpuri', '53m 13s', 'Yes', 'N64', '1 month ago'),
(137, 'Lluuccuuss', '51m 28s', 'Yes', 'N64', '5 years ago'),
(207, 'Lucinovic', '52m 59s', 'Yes', 'N64', '2 months ago'),
(36, 'luke994', '49m 07s', 'Yes', 'N64', '5 years ago'),
(35, 'lunarjump', '49m 05s', 'Yes', 'N64', '2 years ago'),
(85, 'm0m0', '49m 57s', 'Yes', 'N64', '1 year ago'),
(198, 'Marco', '52m 48s', 'Yes', 'N64', '8 months ago'),
(126, 'markinator99', '51m 18s', 'Yes', 'N64', '4 months ago'),
(176, 'marshmallow.', '52m 20s', 'Yes', 'N64', '4 years ago'),
(171, 'Marteeny', '52m 13s', 'Yes', 'N64', '1 month ago'),
(291, 'Masamune', '54m 48s', 'No', 'N64', '7 years ago'),
(287, 'mash112', '54m 46s', 'Yes', 'N64', '5 years ago'),
(200, 'masutakyun', '52m 52s', 'Yes', 'N64', '5 months ago'),
(105, 'max25', '50m 31s', 'Yes', 'N64', '8 months ago'),
(70, 'Melty', '49m 48s', 'Yes', 'N64', '4 years ago'),
(98, 'mercredi', '50m 13s', 'Yes', 'N64', '3 weeks ago'),
(271, 'Meryl', '54m 31s', 'Yes', 'N64', '4 years ago'),
(206, 'Mese', '52m 58s', 'Yes', 'N64', '4 years ago'),
(166, 'mickyyyr', '52m 04s', 'Yes', 'N64', '2 weeks ago'),
(258, 'Millnium', '54m 12s', 'Yes', 'N64', '2 years ago'),
(244, 'Mint', '53m 48s', 'Yes', 'N64', '3 years ago'),
(233, 'MiracleTea', '53m 30s', 'Yes', 'N64', '7 years ago'),
(237, 'MisterGuy_', '53m 39s', 'Yes', 'N64', '1 year ago'),
(47, 'Mitagi', '49m 19s', 'Yes', 'N64', '3 years ago'),
(195, 'mitcho', '52m 46s', 'Yes', 'N64', '6 years ago'),
(299, 'moodehh', '54m 59s', 'No', 'N64', '7 years ago'),
(51, 'Moose', '49m 24s', 'Yes', 'N64', '2 months ago'),
(209, 'Mothla', '53m 04s', 'Yes', 'N64', '8 years ago'),
(167, 'MrJimmysteel25', '52m 05s', 'Yes', 'N64', '1 year ago'),
(182, 'mrKerij', '52m 30s', 'Yes', 'N64', '1 year ago'),
(179, 'MrMeanMoustache', '52m 22s', 'Yes', 'N64', '1 month ago'),
(239, 'MrSpeedrun', '53m 40s', 'Yes', 'N64', '3 years ago'),
(204, 'muto', '52m 55s', 'Yes', 'N64', '4 years ago'),
(76, 'm_vitor', '49m 52s', 'Yes', 'N64', '1 year ago'),
(264, 'N1', '54m 25s', 'Yes', 'N64', '1 year ago'),
(279, 'naji', '54m 37s', 'Yes', 'N64', '3 years ago'),
(163, 'Nanashi745', '51m 57s', 'Yes', 'N64', '7 months ago'),
(190, 'Nate', '52m 42s', 'No', 'N64', '7 years ago'),
(50, 'nero_x2', '49m 22s', 'Yes', 'N64', '6 years ago'),
(113, 'NickBluth', '50m 46s', 'Yes', 'N64', '4 days ago'),
(214, 'NicolasV', '53m 09s', 'Yes', 'N64', '2 months ago'),
(220, 'Nitanita', '53m 19s', 'No', 'N64', NULL),
(118, 'Noizeeh', '51m 04s', 'Yes', 'N64', '6 years ago'),
(129, 'NyZ', '51m 20s', 'No', 'N64', '6 years ago'),
(197, 'ohaithereman', '52m 47s', 'Yes', 'N64', '4 years ago'),
(248, 'Oleduden', '53m 54s', 'Yes', 'N64', '2 years ago'),
(203, 'packerzilla', '52m 54s', 'Yes', 'N64', '11 months ago'),
(12, 'Paracusia', '48m 14s', 'Yes', 'N64', '1 year ago'),
(157, 'PernaMan64', '51m 53s', 'Yes', 'N64', '1 year ago'),
(153, 'peta', '51m 50s', 'Yes', 'N64', '3 months ago'),
(94, 'pete', '50m 06s', 'Yes', 'N64', '1 year ago'),
(30, 'phantaxx', '48m 55s', 'Yes', 'N64', '3 years ago'),
(181, 'Pine', '52m 27s', 'Yes', 'N64', '4 years ago'),
(83, 'PKT_Distinct', '49m 56s', 'Yes', 'N64', '7 months ago'),
(101, 'pobo', '50m 20s', 'Yes', 'N64', '6 years ago'),
(151, 'popesquidward', '51m 45s', 'Yes', 'N64', '9 months ago'),
(189, 'Progji', '52m 41s', 'Yes', 'N64', '8 months ago'),
(63, 'protoman5', '49m 40s', 'Yes', 'N64', '1 year ago'),
(4, 'puncayshun', '47m 23s', 'Yes', 'N64', '1 year ago'),
(243, 'race_out', '53m 46s', 'Yes', 'N64', '5 years ago'),
(229, 'raybc123', '53m 26s', 'Yes', 'N64', '5 months ago'),
(144, 'Redd', '51m 35s', 'Yes', 'N64', '2 weeks ago'),
(132, 'Reil', '51m 24s', 'Yes', 'N64', '7 years ago'),
(109, 'RetroRuns', '50m 41s', 'Yes', 'N64', '1 year ago'),
(134, 'Rigby', '51m 25s', 'Yes', 'N64', '8 months ago'),
(40, 'RockChalk19', '49m 10s', 'Yes', 'N64', '2 years ago'),
(107, 'Rorinosuke', '50m 37s', 'Yes', 'N64', '6 years ago'),
(149, 'Rorotto', '51m 43s', 'Yes', 'N64', '6 years ago'),
(140, 'ryou', '51m 32s', 'Yes', 'N64', '6 years ago'),
(55, 'saksdal', '49m 33s', 'Yes', 'N64', '1 year ago'),
(78, 'Schnoz64', '49m 54s', 'Yes', 'N64', '3 months ago'),
(57, 'SeanRaider', '49m 34s', 'Yes', 'N64', '4 months ago'),
(147, 'Seanzy', '51m 39s', 'Yes', 'N64', '6 years ago'),
(254, 'Serenmew', '53m 59s', 'Yes', 'N64', '4 months ago'),
(293, 'Serialbocks', '54m 50s', 'Yes', 'N64', '7 years ago'),
(183, 'Seseragi', '52m 33s', 'No', 'N64', '9 years ago'),
(129, 'Shigeru', '51m 20s', 'Yes', 'N64', '9 years ago'),
(116, 'Shy', '50m 56s', 'Yes', 'N64', '3 years ago'),
(148, 'sicko', '51m 42s', 'No', 'N64', '7 years ago'),
(38, 'siglemic', '49m 09s', 'Yes', 'N64', '8 years ago'),
(257, 'simesaba0708', '54m 07s', 'Yes', 'N64', '9 months ago'),
(142, 'SimpleFlips', '51m 33s', 'Yes', 'N64', '4 years ago'),
(18, 'simply', '48m 23s', 'Yes', 'N64', '8 months ago'),
(242, 'Skaredogged97', '53m 45s', 'Yes', 'N64', '5 years ago'),
(135, 'skuzzi', '51m 26s', 'Yes', 'N64', '3 years ago'),
(269, 'SmashBrawler64', '54m 29s', 'Yes', 'N64', '2 years ago'),
(193, 'Smurfy', '52m 43s', 'Yes', 'N64', '3 years ago'),
(279, 'Snowman', '54m 37s', 'Yes', 'N64', '3 years ago'),
(167, 'soda', '52m 05s', 'Yes', 'N64', '2 months ago'),
(43, 'Souli', '49m 13s', 'Yes', 'N64', '11 months ago'),
(233, 'Sovlo', '53m 30s', 'Yes', 'N64', '2 years ago'),
(275, 'SpittyKitsu', '54m 33s', 'Yes', 'N64', '7 months ago'),
(139, 'Squid', '51m 30s', 'Yes', 'N64', '2 years ago'),
(264, 'SShiftonky', '54m 25s', 'Yes', 'N64', '8 years ago'),
(200, 'SteveMassey', '52m 52s', 'Yes', 'N64', '4 years ago'),
(210, 'stevenashe', '53m 05s', 'Yes', 'N64', '8 months ago'),
(276, 'steveobroil', '54m 34s', 'Yes', 'N64', '3 years ago'),
(271, 'Stomr', '54m 31s', 'Yes', 'N64', '1 week ago'),
(63, 'SuperViperT302', '49m 40s', 'Yes', 'N64', '1 year ago'),
(184, 'Sura', '52m 35s', 'Yes', 'N64', '8 years ago'),
(54, 'Tabascoth', '49m 29s', 'Yes', 'N64', '1 year ago'),
(2, 'Taggo', '47m 18s', 'Yes', 'N64', '4 months ago'),
(279, 'TAKEN', '54m 37s', 'No', 'N64', NULL),
(60, 'Tama', '49m 38s', 'Yes', 'N64', '1 year ago'),
(252, 'tami', '53m 56s', 'Yes', 'N64', '10 months ago'),
(146, 'Tapioca', '51m 38s', 'Yes', 'N64', '9 years ago'),
(202, 'Tarai', '52m 53s', 'Yes', 'N64', '6 years ago'),
(60, 'taylor3311', '49m 38s', 'Yes', 'N64', '2 months ago'),
(210, 'Teguru', '53m 05s', 'No', 'N64', '7 years ago'),
(77, 'thags15', '49m 53s', 'Yes', 'N64', '4 months ago'),
(95, 'ThatDrunkenDwarf', '50m 12s', 'Yes', 'N64', '2 weeks ago'),
(132, 'TheDarkmanWs', '51m 24s', 'Yes', 'N64', '7 years ago'),
(221, 'thewhitekong24', '53m 20s', 'Yes', 'N64', '2 years ago'),
(73, 'timlittlefree', '49m 49s', 'Yes', 'N64', '2 years ago'),
(295, 'Toadntoady', '54m 54s', 'Yes', 'N64', '3 years ago'),
(28, 'toastrider91', '48m 49s', 'Yes', 'N64', '2 years ago'),
(239, 'Tomtendo', '53m 40s', 'Yes', 'N64', '3 years ago'),
(116, 'Toufool', '50m 56s', 'Yes', 'N64', '7 years ago'),
(123, 'trevor107', '51m 16s', 'Yes', 'N64', '4 years ago'),
(70, 'turara32767', '49m 48s', 'Yes', 'N64', '1 year ago'),
(232, 'TwitchName', '53m 27s', 'Yes', 'N64', '1 year ago'),
(173, 'Tyler9698', '52m 15s', 'Yes', 'N64', '4 years ago'),
(16, 'V1RO', '48m 20s', 'Yes', 'N64', '2 years ago'),
(163, 'Vincertain', '51m 57s', 'Yes', 'N64', '3 years ago'),
(295, 'Wareagle1108', '54m 54s', 'Yes', 'N64', '10 months ago'),
(184, 'Washeyy', '52m 35s', 'Yes', 'N64', '6 years ago'),
(252, 'Watapachi', '53m 56s', 'Yes', 'N64', '3 years ago'),
(215, 'WaterproofTeabag_', '53m 10s', 'Yes', 'N64', '3 weeks ago'),
(59, 'Waz', '49m 36s', 'No', 'N64', '5 years ago'),
(3, 'Weegee', '47m 22s', 'Yes', 'N64', '4 months ago'),
(186, 'Why', '52m 36s', 'Yes', 'N64', '8 years ago'),
(44, 'Widdit', '49m 16s', 'Yes', 'N64', '1 month ago'),
(99, 'Wilko', '50m 17s', 'Yes', 'N64', '1 month ago'),
(165, 'wilzo', '52m 03s', 'Yes', 'N64', '4 years ago'),
(273, 'wispx', '54m 32s', 'Yes', 'N64', '2 years ago'),
(150, 'Wrizzey', '51m 44s', 'Yes', 'N64', '10 months ago'),
(45, 'Xein64', '49m 18s', 'Yes', 'N64', '1 month ago'),
(110, 'Xerint', '50m 42s', 'Yes', 'N64', '4 months ago'),
(14, 'Xiah', '48m 16s', 'Yes', 'N64', '4 years ago'),
(7, 'Xoofey', '47m 46s', 'Yes', 'N64', '7 months ago'),
(62, 'Yale', '49m 39s', 'Yes', 'N64', '1 year ago'),
(199, 'YarvishSaseko', '52m 50s', 'Yes', 'N64', '3 years ago'),
(213, 'YUKING', '53m 07s', 'Yes', 'N64', '1 year ago'),
(131, 'zalgo', '51m 21s', 'No', 'N64', '9 years ago'),
(48, 'ZDeztroyerz', '49m 20s', 'Yes', 'N64', '5 years ago'),
(194, 'ZEOKU', '52m 45s', 'No', 'N64', '6 years ago'),
(246, 'Zruns', '53m 49s', 'No', 'N64', '1 year ago');

-- --------------------------------------------------------

--
-- Table structure for table `mariokart`
--

CREATE TABLE IF NOT EXISTS `mariokart` (
  `Rank` bigint(100) DEFAULT NULL,
  `Player` char(100) NOT NULL,
  `Time` char(100) DEFAULT NULL,
  `Version` char(100) DEFAULT NULL,
  `Date` char(100) DEFAULT NULL,
  PRIMARY KEY (`Player`)
) ENGINE=InnoDB DEFAULT CHARSET=utf8;

--
-- Dumping data for table `mariokart`
--

INSERT INTO `mariokart` (`Rank`, `Player`, `Time`, `Version`, `Date`) VALUES
(181, '2thyfor', '2h 10m 42s 084ms', 'Cartridge', '1 year ago'),
(42, '9umber9ine', '2h 01m 02s 800ms', 'Digital', '2 months ago'),
(213, 'AGallonofMilk', '2h 12m 44s', 'Cartridge', '1 year ago'),
(61, 'aka_ShimiZ', '2h 03m 17s', 'Cartridge', '2 years ago'),
(51, 'AlexWBoss', '2h 02m 22s', 'Cartridge', '11 months ago'),
(93, 'AlfonGD', '2h 05m 49s 583ms', 'Digital', '3 months ago'),
(258, 'ancientdr4gon', '2h 18m 50s', 'Cartridge', '1 month ago'),
(252, 'Andrick11', '2h 17m 00s', 'Digital', '2 weeks ago'),
(36, 'AngelMk', '2h 00m 38s', 'Cartridge', '2 years ago'),
(266, 'AntBlueR', '2h 21m 01s', 'Cartridge', '3 weeks ago'),
(22, 'Applepieapplepa', '1h 59m 41s', 'Cartridge', '1 month ago'),
(108, 'Arknei', '2h 07m 02s', 'Digital', '2 years ago'),
(139, 'arthro2571', '2h 08m 45s', 'Digital', '1 year ago'),
(178, 'Astrodam', '2h 10m 30s', 'Cartridge', '4 days ago'),
(70, 'Auphonium', '2h 04m 15s 440ms', 'Cartridge', '11 months ago'),
(221, 'Avalon', '2h 13m 10s 550ms', 'Cartridge', '1 year ago'),
(83, 'AyatakanEX', '2h 05m 25s 039ms', 'Digital', '1 year ago'),
(166, 'Azluk', '2h 09m 55s 001ms', 'Digital', '4 months ago'),
(246, 'banhibanhi', '2h 16m 01s', 'Digital', '1 year ago'),
(225, 'Bauer_Braunsi', '2h 13m 38s', 'Cartridge', '10 months ago'),
(109, 'BigRedN', '2h 07m 09s', 'Cartridge', '2 years ago'),
(74, 'bluebirdkart', '2h 04m 24s 690ms', 'Cartridge', '4 months ago'),
(215, 'Bobkas420', '2h 12m 47s 073ms', 'Digital', '1 month ago'),
(35, 'Boo_MK8DX', '2h 00m 37s', 'Cartridge', '2 months ago'),
(175, 'BucketPls', '2h 10m 25s', 'Digital', '2 years ago'),
(153, 'CamoN1nja', '2h 09m 22s 780ms', 'Digital', '7 months ago'),
(40, 'Cantemor', '2h 00m 56s 690ms', 'Cartridge', '1 month ago'),
(41, 'CaptainHeeHaw', '2h 01m 02s 150ms', 'Digital', '10 months ago'),
(188, 'cauliflower', '2h 11m 03s', 'Digital', '7 months ago'),
(16, 'CC_', '1h 59m 04s', 'Digital', '2 years ago'),
(200, 'ChadlitJr.', '2h 11m 44s', 'Cartridge', '1 month ago'),
(113, 'Chikorita', '2h 07m 15s', 'Cartridge', '2 years ago'),
(193, 'Chlamydia', '2h 11m 19s', 'Cartridge', '2 years ago'),
(158, 'Cimme', '2h 09m 33s', 'Cartridge', '2 years ago'),
(183, 'cjitsallgewd', '2h 10m 53s', 'Cartridge', '2 years ago'),
(26, 'Cj_mcc', '1h 59m 47s 011ms', 'Digital', '9 months ago'),
(88, 'clehhar', '2h 05m 40s 500ms', 'Cartridge', '5 days ago'),
(33, 'coolguy219', '2h 00m 21s 002ms', 'Digital', '8 months ago'),
(205, 'CopperCC', '2h 12m 05s', 'Cartridge', '4 months ago'),
(140, 'CrazyCalv', '2h 08m 49s', 'Cartridge', '7 months ago'),
(264, 'Cuddler5000_XD', '2h 20m 28s 061ms', 'Cartridge', '9 months ago'),
(148, 'curlyfry', '2h 09m 10s 039ms', 'Cartridge', '9 months ago'),
(76, 'Dagnel', '2h 04m 38s', 'Digital', '2 years ago'),
(236, 'delcaMX', '2h 15m 10s', 'Cartridge', '3 years ago'),
(275, 'derrykyle', '2h 34m 05s', 'Digital', '1 year ago'),
(201, 'Destroyerxxx', '2h 11m 45s', 'Digital', '2 years ago'),
(128, 'Dimpossum4', '2h 08m 18s', 'Cartridge', '2 years ago'),
(39, 'Draco655', '2h 00m 50s', 'Digital', '3 years ago'),
(216, 'dragin', '2h 12m 50s', 'Digital', '11 months ago'),
(100, 'Drfjgjbu', '2h 06m 13s 088ms', 'Digital', '1 month ago'),
(82, 'Duvangrgata1', '2h 05m 25s', 'Cartridge', '2 years ago'),
(154, 'EcoZipy', '2h 09m 23s', 'Digital', '2 years ago'),
(75, 'Elder_Sahasrahla', '2h 04m 33s', 'Cartridge', '2 years ago'),
(281, 'elihog08', '10h 22m 03s', 'Digital', '6 months ago'),
(202, 'Emberhoof', '2h 11m 47s', 'Cartridge', '7 months ago'),
(163, 'Emerno', '2h 09m 49s', 'Cartridge', '2 years ago'),
(173, 'eternitykodex', '2h 10m 11s', 'Cartridge', '11 months ago'),
(131, 'Faroa', '2h 08m 26s', 'Digital', '2 years ago'),
(241, 'Fenna', '2h 15m 25s 093ms', 'Cartridge', '9 months ago'),
(79, 'FE_SLaDe', '2h 05m 08s 091ms', 'Digital', '1 month ago'),
(176, 'FieryXIcy', '2h 10m 27s', 'Cartridge', '2 years ago'),
(136, 'Firestar3685', '2h 08m 36s 640ms', 'Cartridge', '7 months ago'),
(223, 'FlipK1cky', '2h 13m 20s', 'Cartridge', '7 months ago'),
(86, 'flow314', '2h 05m 37s', 'Cartridge', '6 months ago'),
(71, 'ForsakenProto', '2h 04m 17s 012ms', 'Digital', '11 months ago'),
(159, 'Fouger3', '2h 09m 38s', 'Cartridge', '1 week ago'),
(147, 'G3neziz', '2h 09m 08s', 'Digital', '3 years ago'),
(145, 'Gamonymous', '2h 09m 06s', 'Cartridge', '2 years ago'),
(265, 'Gandalf3476', '2h 20m 36s 960ms', 'Cartridge', '1 year ago'),
(103, 'GazzBanana', '2h 06m 35s 730ms', 'Digital', '8 months ago'),
(77, 'GHOSTDEATH', '2h 04m 52s', 'Digital', '10 months ago'),
(222, 'GhostSenpai', '2h 13m 16s', 'Cartridge', '11 months ago'),
(232, 'Gjfalcon', '2h 14m 49s 005ms', 'Cartridge', '4 months ago'),
(132, 'Gloupi', '2h 08m 30s 035ms', 'Cartridge', '11 months ago'),
(58, 'goet999', '2h 03m 02s', 'Digital', '4 months ago'),
(72, 'Gohanneton', '2h 04m 22s', 'Cartridge', '2 weeks ago'),
(206, 'goodevesning', '2h 12m 08s 096ms', 'Cartridge', '2 months ago'),
(268, 'GoomBayPacker', '2h 22m 19s', 'Cartridge', '4 months ago'),
(152, 'GrantimusPrime90', '2h 09m 22s 073ms', 'Digital', '11 months ago'),
(151, 'GRBean', '2h 09m 17s 058ms', 'Digital', '3 months ago'),
(233, 'HarrisonCRunner', '2h 15m 00s', 'Cartridge', '1 year ago'),
(280, 'Harveya1a', '6h 02m 23s', 'Digital', '1 year ago'),
(6, 'hatasako', '1h 57m 39s 019ms', 'Digital', '1 month ago'),
(168, 'Heddo', '2h 09m 57s 950ms', 'Digital', '2 months ago'),
(13, 'Hernán', '1h 58m 41s', 'Cartridge', '1 year ago'),
(98, 'hiro_RTAenjoy', '2h 06m 02s 500ms', 'Digital', '2 months ago'),
(3, 'HitsujiOmochi', '1h 56m 42s 866ms', 'Digital', '1 year ago'),
(161, 'Holdinferd', '2h 09m 43s 690ms', 'Cartridge', '3 months ago'),
(135, 'IIFirenII', '2h 08m 33s 880ms', 'Cartridge', '1 year ago'),
(45, 'IngloriousSamuel', '2h 01m 11s 500ms', 'Cartridge', '9 months ago'),
(270, 'Its_Lucy_Goosey', '2h 25m 07s 333ms', 'Cartridge', '4 months ago'),
(15, 'ItzCharzPlayz', '1h 58m 54s', 'Digital', '7 months ago'),
(164, 'jacobrobert0', '2h 09m 52s', 'Digital', '8 months ago'),
(253, 'jacoby531', '2h 17m 15s 360ms', 'Cartridge', '1 year ago'),
(256, 'Jaedentothefuture', '2h 17m 55s 001ms', 'Cartridge', '6 months ago'),
(237, 'Jai11', '2h 15m 10s 033ms', 'Cartridge', '6 months ago'),
(50, 'Jak679', '2h 02m 09s', 'Cartridge', '2 years ago'),
(107, 'Jamie_McPartlin', '2h 06m 58s', 'Cartridge', '2 years ago'),
(64, 'Japsiman', '2h 03m 37s 490ms', 'Cartridge', '2 months ago'),
(137, 'jawzsy', '2h 08m 37s 583ms', 'Cartridge', '4 months ago'),
(190, 'Jayez', '2h 11m 04s', 'Digital', '1 year ago'),
(257, 'Jdub234', '2h 18m 23s', 'Digital', '2 years ago'),
(46, 'Jelledot', '2h 01m 18s', 'Cartridge', '3 years ago'),
(57, 'jetliner', '2h 02m 54s', 'Cartridge', '2 months ago'),
(209, 'JingleGround', '2h 12m 28s 077ms', 'Cartridge', '4 months ago'),
(134, 'JiPa03', '2h 08m 30s 092ms', 'Cartridge', '9 months ago'),
(90, 'Jmdg13', '2h 05m 44s', 'Cartridge', '4 months ago'),
(164, 'Joshimuz', '2h 09m 52s', 'Cartridge', '2 years ago'),
(276, 'JPJoker01', '2h 39m 33s 066ms', 'Cartridge', '4 months ago'),
(177, 'JRobs93', '2h 10m 29s 070ms', 'Digital', '7 months ago'),
(156, 'Jumpshott', '2h 09m 29s', 'Digital', '1 year ago'),
(214, 'kalarse', '2h 12m 45s', 'Digital', '10 months ago'),
(259, 'kenkenRTA', '2h 19m 23s 410ms', 'Digital', '3 weeks ago'),
(149, 'Kenny3D', '2h 09m 12s', 'Cartridge', '3 years ago'),
(91, 'kirabosi', '2h 05m 46s 068ms', 'Digital', '2 months ago'),
(145, 'Kitcot', '2h 09m 06s', 'Digital', '7 months ago'),
(86, 'Kiwizkat', '2h 05m 37s', 'Digital', '1 month ago'),
(243, 'Kramkraft', '2h 15m 54s', 'Cartridge', '11 months ago'),
(1, 'kusaan', '1h 54m 39s 564ms', 'Digital', '2 weeks ago'),
(30, 'KUWA', '2h 00m 06s', 'Digital', '11 months ago'),
(203, 'LAngENoshii', '2h 11m 57s', 'Cartridge', '1 year ago'),
(197, 'Laxenarde', '2h 11m 36s', 'Cartridge', '11 months ago'),
(118, 'Lchrist26', '2h 07m 49s', 'Digital', '1 week ago'),
(10, 'Leo_oo', '1h 58m 26s', 'Digital', '3 years ago'),
(119, 'Lethalethan', '2h 07m 52s 390ms', 'Digital', '8 months ago'),
(47, 'LiaraLili', '2h 01m 31s 120ms', 'Cartridge', '1 year ago'),
(227, 'Lluma', '2h 13m 56s 943ms', 'Cartridge', '1 month ago'),
(143, 'luca4735', '2h 08m 55s', 'Cartridge', '11 months ago'),
(34, 'LuckwurstJoe', '2h 00m 21s 403ms', 'Digital', '7 months ago'),
(244, 'm.vick_prisonedition', '2h 15m 57s', 'Cartridge', '2 years ago'),
(278, 'Macey_Keeley', '2h 59m 14s 061ms', 'Cartridge', '4 months ago'),
(195, 'maraboto95', '2h 11m 34s', 'Cartridge', '3 years ago'),
(14, 'marcia', '1h 58m 47s 768ms', 'Digital', '1 year ago'),
(192, 'MarkGames', '2h 11m 18s 960ms', 'Cartridge', '2 months ago'),
(111, 'Marques64', '2h 07m 11s 077ms', 'Cartridge', '8 months ago'),
(102, 'MarsensDomain', '2h 06m 19s', 'Digital', '2 years ago'),
(69, 'Masa.jp', '2h 04m 12s 047ms', 'Digital', '1 month ago'),
(78, 'MASONDELUXE', '2h 04m 53s 550ms', 'Digital', '1 month ago'),
(52, 'Matthew.G', '2h 02m 27s', 'Cartridge', '2 years ago'),
(162, 'MattyPlays', '2h 09m 46s', 'Cartridge', '1 year ago'),
(172, 'MayaChan', '2h 10m 09s 700ms', 'Cartridge', '7 months ago'),
(73, 'McLarenC4', '2h 04m 23s 017ms', 'Cartridge', '8 months ago'),
(144, 'Meawch', '2h 09m 05s 610ms', 'Cartridge', '3 months ago'),
(212, 'Me_Tube', '2h 12m 34s 720ms', 'Cartridge', '1 year ago'),
(55, 'Minitoad', '2h 02m 49s 031ms', 'Digital', '2 months ago'),
(117, 'mini_ben', '2h 07m 36s', 'Cartridge', '1 week ago'),
(56, 'Mio19298', '2h 02m 52s', 'Cartridge', '3 years ago'),
(194, 'MiP', '2h 11m 22s 666ms', 'Cartridge', '3 months ago'),
(5, 'MKTheo', '1h 57m 38s', 'Cartridge', '4 days ago'),
(113, 'Modest', '2h 07m 15s', 'Cartridge', '7 months ago'),
(28, 'Mooden2', '1h 59m 57s', 'Digital', '1 year ago'),
(25, 'Mooseman_Videos', '1h 59m 47s', 'Digital', '11 months ago'),
(130, 'MrSnipp', '2h 08m 22s', 'Cartridge', '11 months ago'),
(224, 'mr_passion', '2h 13m 35s', 'Cartridge', '6 days ago'),
(195, 'MyGuyRDB', '2h 11m 34s', 'Cartridge', '2 years ago'),
(81, 'MysticNick', '2h 05m 22s', 'Cartridge', '1 year ago'),
(250, 'NabbitGamer', '2h 16m 51s 770ms', 'Cartridge', '3 months ago'),
(97, 'NachoBrado', '2h 06m 01s', 'Digital', '1 year ago'),
(4, 'Nana007', '1h 57m 26s', 'Digital', '2 years ago'),
(150, 'NDSpam', '2h 09m 14s 067ms', 'Cartridge', '8 months ago'),
(92, 'NebULa717', '2h 05m 48s 090ms', 'Cartridge', '8 months ago'),
(65, 'Nico4132', '2h 03m 40s', 'Cartridge', '9 months ago'),
(169, 'NicolasJHomsi', '2h 10m 03s 004ms', 'Digital', '2 months ago'),
(27, 'Nicolasreci', '1h 59m 55s', 'Digital', '2 years ago'),
(127, 'Ninow', '2h 08m 15s 090ms', 'Cartridge', '5 days ago'),
(133, 'Nssn78', '2h 08m 30s 057ms', 'Digital', '3 days ago'),
(242, 'ObscurEnvy', '2h 15m 41s 442ms', 'Digital', '11 months ago'),
(261, 'OddPandemonium', '2h 19m 48s 234ms', 'Cartridge', '8 months ago'),
(171, 'Ofreo', '2h 10m 07s 800ms', 'Cartridge', '6 days ago'),
(84, 'Oh_Snap', '2h 05m 27s', 'Digital', '3 years ago'),
(32, 'Oppa24', '2h 00m 19s', 'Cartridge', '1 year ago'),
(20, 'owo', '1h 59m 30s 640ms', 'Digital', '4 months ago'),
(63, 'PandaTempest', '2h 03m 25s', 'Cartridge', '2 years ago'),
(8, 'Pianist15', '1h 57m 50s', 'Digital', '1 year ago'),
(48, 'Pi_r_ick', '2h 01m 56s 089ms', 'Cartridge', '3 days ago'),
(157, 'Powerofdan', '2h 09m 30s', 'Digital', '1 month ago'),
(124, 'PurkisM', '2h 08m 03s', 'Cartridge', '3 years ago'),
(89, 'quo', '2h 05m 43s', 'Digital', '1 year ago'),
(255, 'Raindrop63', '2h 17m 54s 071ms', 'Digital', '10 months ago'),
(220, 'Raineykins', '2h 13m 10s', 'Digital', '2 years ago'),
(182, 'Ranger_Squid', '2h 10m 43s 067ms', 'Digital', '10 months ago'),
(49, 'Renaissance', '2h 02m 07s', 'Digital', '3 weeks ago'),
(272, 'Reni', '2h 27m 30s', 'Cartridge', '7 months ago'),
(80, 'RexBmx', '2h 05m 17s', 'Cartridge', '7 months ago'),
(125, 'RGamer67', '2h 08m 10s', 'Digital', '8 months ago'),
(54, 'RobertoMK', '2h 02m 42s', 'Cartridge', '2 years ago'),
(106, 'robk', '2h 06m 55s 017ms', 'Cartridge', '10 months ago'),
(94, 'rokuroku', '2h 05m 52s', 'Digital', '2 weeks ago'),
(226, 'romulostx', '2h 13m 40s', 'Cartridge', '3 years ago'),
(123, 'ROV', '2h 07m 59s 057ms', 'Cartridge', '9 months ago'),
(170, 'Rubick', '2h 10m 05s', 'Cartridge', '2 years ago'),
(29, 'ruru', '2h 00m 00s', 'Digital', '1 year ago'),
(112, 'Sadaghem', '2h 07m 14s', 'Cartridge', '2 years ago'),
(95, 'Sade_Skirata', '2h 05m 53s 059ms', 'Digital', '7 months ago'),
(23, 'Sakeronian', '1h 59m 46s', 'Cartridge', '1 year ago'),
(12, 'Samovar', '1h 58m 37s', 'Cartridge', '7 months ago'),
(254, 'sanity1123', '2h 17m 44s 470ms', 'Digital', '5 months ago'),
(120, 'Schnauzer', '2h 07m 53s', 'Cartridge', '2 years ago'),
(229, 'Scooter702', '2h 14m 24s', 'Cartridge', '2 months ago'),
(271, 'Scootx123', '2h 26m 16s 012ms', 'Digital', '7 months ago'),
(141, 'sean21football', '2h 08m 49s 074ms', 'Digital', '8 months ago'),
(11, 'Sebaslove', '1h 58m 36s 035ms', 'Digital', '1 year ago'),
(99, 'Sebold13', '2h 06m 10s', 'Cartridge', '3 years ago'),
(240, 'Seedy', '2h 15m 13s', 'Cartridge', '4 months ago'),
(251, 'Senekoa', '2h 16m 52s 206ms', 'Digital', '7 months ago'),
(207, 'Seth-Rah', '2h 12m 14s', 'Digital', '2 years ago'),
(263, 'Shazin', '2h 20m 25s 027ms', 'Digital', '6 months ago'),
(128, 'Shemcat', '2h 08m 18s', 'Cartridge', '9 months ago'),
(23, 'Shield', '1h 59m 46s', 'Digital', '2 years ago'),
(37, 'Shintsu', '2h 00m 46s 170ms', 'Digital', '11 months ago'),
(53, 'Shizuka', '2h 02m 36s 800ms', 'Cartridge', '2 months ago'),
(66, 'shredberg', '2h 03m 41s', 'Digital', '9 months ago'),
(167, 'ShrimpiiBoii', '2h 09m 56s 660ms', 'Cartridge', '1 year ago'),
(138, 'Side-B', '2h 08m 40s 052ms', 'Cartridge', '6 months ago'),
(249, 'SingingAssassin', '2h 16m 46s 270ms', 'Digital', '1 year ago'),
(198, 'SittingDucks', '2h 11m 38s 019ms', 'Cartridge', '7 months ago'),
(186, 'Skinny_Speedrun', '2h 10m 59s', 'Cartridge', '1 year ago'),
(43, 'SliverRK', '2h 01m 10s', 'Cartridge', '2 years ago'),
(248, 'smartalec24', '2h 16m 32s', 'Cartridge', '1 year ago'),
(210, 'Smithy1294', '2h 12m 28s 097ms', 'Digital', '8 months ago'),
(245, 'SMMIAN', '2h 15m 59s', 'Cartridge', '3 years ago'),
(267, 'Spinning_Banner', '2h 21m 28s', 'Cartridge', '3 weeks ago'),
(262, 'Squeddie', '2h 20m 07s 086ms', 'Digital', '9 months ago'),
(239, 'SSteamboat44', '2h 15m 12s 374ms', 'Digital', '8 months ago'),
(238, 'stavoAD', '2h 15m 10s 055ms', 'Digital', '11 months ago'),
(18, 'Steeler', '1h 59m 12s', 'Digital', '8 months ago'),
(279, 'Stormyspeedruns', '3h 18m 49s 064ms', 'Cartridge', '4 months ago'),
(230, 'surfinLee', '2h 14m 28s 650ms', 'Cartridge', '8 months ago'),
(247, 'Swagons', '2h 16m 14s', 'Cartridge', '2 years ago'),
(59, 'T0ki', '2h 03m 10s 589ms', 'Digital', '1 month ago'),
(67, 'Tatchan_RTA', '2h 03m 56s 050ms', 'Cartridge', '4 weeks ago'),
(187, 'Tazachra', '2h 11m 00s 325ms', 'Cartridge', '1 year ago'),
(260, 'ThalVatti', '2h 19m 35s', 'Cartridge', '2 years ago'),
(155, 'TheDogSpider', '2h 09m 28s', 'Cartridge', '1 year ago'),
(277, 'TheIceTubeLC', '2h 58m 23s 026ms', 'Cartridge', '6 months ago'),
(219, 'TheRairi', '2h 13m 03s', 'Cartridge', '11 months ago'),
(122, 'TheSammyB', '2h 07m 58s', 'Cartridge', '2 years ago'),
(110, 'The_Groovitude', '2h 07m 11s', 'Cartridge', '1 year ago'),
(179, 'Tigee_3', '2h 10m 33s', 'Digital', '1 year ago'),
(116, 'Tiger_Lotus', '2h 07m 34s', 'Cartridge', '2 years ago'),
(235, 'TimeForMars', '2h 15m 09s', 'Cartridge', '3 months ago'),
(185, 'timswim27', '2h 10m 58s 725ms', 'Cartridge', '1 month ago'),
(9, 'tossy_XD', '1h 57m 57s 430ms', 'Digital', '2 months ago'),
(183, 'toyomana', '2h 10m 53s', 'Cartridge', '3 years ago'),
(104, 'TSOT', '2h 06m 38s', 'Cartridge', '11 months ago'),
(62, 'tuNa145120', '2h 03m 22s', 'Digital', '3 weeks ago'),
(121, 'Tungsten', '2h 07m 54s 000ms', 'Cartridge', '8 months ago'),
(38, 'UchihaMadao', '2h 00m 49s 910ms', 'Digital', '1 year ago'),
(188, 'Umbie', '2h 11m 03s', 'Digital', '1 month ago'),
(217, 'usedid94', '2h 12m 50s 034ms', 'Cartridge', '9 months ago'),
(96, 'Veeharos', '2h 05m 53s 550ms', 'Cartridge', '10 months ago'),
(274, 'VIDEOGAMER20', '2h 28m 25s', 'Cartridge', '6 months ago'),
(21, 'VikeMK', '1h 59m 37s 776ms', 'Digital', '11 months ago'),
(68, 'Vinyl7th', '2h 04m 00s', 'Digital', '3 years ago'),
(211, 'Violin', '2h 12m 29s', 'Cartridge', '2 years ago'),
(218, 'Viviana', '2h 13m 02s', 'Cartridge', '3 years ago'),
(199, 'voidedifbroken', '2h 11m 41s', 'Digital', '11 months ago'),
(85, 'Volto', '2h 05m 29s 260ms', 'Cartridge', '1 year ago'),
(105, 'Vrumpt', '2h 06m 42s', 'Cartridge', '3 years ago'),
(43, 'WaiLToR', '2h 01m 10s', 'Cartridge', '1 year ago'),
(273, 'Waluigiodessey', '2h 28m 08s 052ms', 'Cartridge', '9 months ago'),
(101, 'Wannabebassist2', '2h 06m 15s', 'Digital', '3 years ago'),
(269, 'weirdsss', '2h 23m 56s 516ms', 'Cartridge', '2 months ago'),
(174, 'Xeno_44', '2h 10m 16s 017ms', 'Cartridge', '2 days ago'),
(204, 'xerneas-yveltal', '2h 11m 59s', 'Cartridge', '7 months ago'),
(191, 'xFirespitterx', '2h 11m 09s', 'Digital', '1 month ago'),
(142, 'xGodPhillipk', '2h 08m 53s 450ms', 'Cartridge', '1 year ago'),
(234, 'xJasonPlays', '2h 15m 05s 910ms', 'Cartridge', '1 year ago'),
(19, 'yama12', '1h 59m 29s', 'Digital', '1 week ago'),
(115, 'yesdeego', '2h 07m 30s 590ms', 'Digital', '3 months ago'),
(17, 'YFM.mx', '1h 59m 08s', 'Cartridge', '2 years ago'),
(231, 'YoniArousement', '2h 14m 31s', 'Digital', '2 years ago'),
(228, 'YoshiBaka16', '2h 14m 10s 019ms', 'Cartridge', '5 months ago'),
(126, 'YurrW', '2h 08m 10s 057ms', 'Cartridge', '1 month ago'),
(60, 'yuryuF', '2h 03m 12s 036ms', 'Digital', '3 months ago'),
(31, 'zhxyzfg', '2h 00m 12s 490ms', 'Digital', '4 days ago'),
(160, 'ZoaB', '2h 09m 40s 063ms', 'Cartridge', '1 month ago'),
(208, 'zxKyler', '2h 12m 24s 870ms', 'Cartridge', '7 months ago'),
(180, '_CMS', '2h 10m 35s', 'Cartridge', '1 year ago'),
(2, 'おれより下のやつたこ', '1h 56m 29s 329ms', 'Digital', '1 year ago'),
(7, 'ぎぞく', '1h 57m 43s', 'Digital', '1 year ago');

-- --------------------------------------------------------

--
-- Table structure for table `zelda`
--

CREATE TABLE IF NOT EXISTS `zelda` (
  `Rank` bigint(100) DEFAULT NULL,
  `Player` char(100) NOT NULL,
  `Time` char(100) DEFAULT NULL,
  `Mode` char(100) DEFAULT NULL,
  `Dlc` char(100) DEFAULT NULL,
  `amiibo` char(100) DEFAULT NULL,
  `Platform` char(100) DEFAULT NULL,
  `Date` char(100) DEFAULT NULL,
  PRIMARY KEY (`Player`)
) ENGINE=InnoDB DEFAULT CHARSET=utf8;

--
-- Dumping data for table `zelda`
--

INSERT INTO `zelda` (`Rank`, `Player`, `Time`, `Mode`, `Dlc`, `amiibo`, `Platform`, `Date`) VALUES
(181, '21Hunt', '47m 21s 100ms', 'Normal Mode', 'DLC', 'No amiibo', 'Switch', '2 years ago'),
(50, 'A1gamer', '31m 12s', 'Normal Mode', 'DLC', 'No amiibo', 'Switch', '1 month ago'),
(62, 'AaronHongry', '31m 37s', 'Normal Mode', 'DLC', 'amiibo', 'Switch', '7 months ago'),
(173, 'adefgames', '46m 36s', 'Normal Mode', 'No DLC', 'No amiibo', 'Switch', '2 weeks ago'),
(86, 'aka12', '33m 49s 900ms', 'Normal Mode', 'DLC', 'No amiibo', 'Switch', '1 year ago'),
(129, 'alexandralynne', '39m 43s 077ms', 'Normal Mode', 'DLC', 'No amiibo', 'Switch', '1 week ago'),
(95, 'ale_caballero_1212', '34m 39s 099ms', 'Normal Mode', 'DLC', 'No amiibo', 'Switch', '1 month ago'),
(83, 'Altexo', '33m 31s 052ms', 'Normal Mode', 'DLC', 'No amiibo', 'Switch', '4 weeks ago'),
(100, 'anteknorr', '35m 14s 200ms', 'Normal Mode', 'DLC', 'amiibo', 'Switch', '2 months ago'),
(22, 'Applefreezer', '29m 00s 967ms', 'Normal Mode', 'DLC', 'amiibo', 'Switch', '3 months ago'),
(108, 'areki', '36m 29s 900ms', 'Normal Mode', 'DLC', 'No amiibo', 'WiiU', '1 year ago'),
(221, 'assio14', '1h 15m 18s 016ms', 'Normal Mode', 'DLC', 'No amiibo', 'Switch', '1 month ago'),
(127, 'azormx', '39m 27s 190ms', 'Normal Mode', 'DLC', 'No amiibo', 'Switch', '1 year ago'),
(207, 'Baffan', '54m 30s 600ms', 'Normal Mode', 'No DLC', 'No amiibo', 'Switch', '3 years ago'),
(119, 'Baileaf93', '38m 09s 100ms', 'Normal Mode', 'No DLC', 'No amiibo', 'Switch', '3 months ago'),
(175, 'Baltan', '46m 40s 500ms', 'Normal Mode', 'No DLC', 'No amiibo', 'Switch', '3 years ago'),
(121, 'Bartuski', '38m 21s', 'Normal Mode', 'No DLC', 'No amiibo', 'Switch', '1 year ago'),
(184, 'benstephens56', '47m 58s', 'Normal Mode', 'No DLC', 'No amiibo', 'Switch', '3 years ago'),
(20, 'bggdimm', '28m 49s 100ms', 'Normal Mode', 'DLC', 'No amiibo', 'Switch', '1 month ago'),
(64, 'BigTiddyCamgirl', '31m 41s 490ms', 'Normal Mode', 'No DLC', 'No amiibo', 'WiiU', '4 months ago'),
(206, 'Boekster', '54m 28s', 'Normal Mode', 'DLC', 'No amiibo', 'WiiU', '3 years ago'),
(75, 'BrewCity_Hornet', '32m 58s 233ms', 'Normal Mode', 'DLC', 'No amiibo', 'Switch', '2 months ago'),
(50, 'BrokenMic', '31m 12s', 'Normal Mode', 'No DLC', 'amiibo', 'Switch', '4 months ago'),
(147, 'brownsquirrel', '42m 00s 830ms', 'Normal Mode', 'DLC', 'No amiibo', 'Switch', '10 months ago'),
(19, 'cameloamarelo', '28m 34s', 'Normal Mode', 'DLC', 'amiibo', 'Switch', '2 months ago'),
(33, 'Cee_Bee_Eff_O_o', '29m 52s', 'Normal Mode', 'DLC', 'amiibo', 'Switch', '1 week ago'),
(156, 'Cerulean1020', '43m 26s', 'Normal Mode', 'No DLC', 'No amiibo', 'Switch', '4 months ago'),
(135, 'ChaoticAce', '40m 20s 880ms', 'Normal Mode', 'No DLC', 'amiibo', 'WiiU', '3 years ago'),
(74, 'Chashaneco', '32m 58s 004ms', 'Normal Mode', 'DLC', 'No amiibo', 'Switch', '4 weeks ago'),
(70, 'Christopho', '32m 23s', 'Normal Mode', 'No DLC', 'No amiibo', 'Switch', '5 months ago'),
(113, 'CMFP', '37m 29s', 'Normal Mode', 'DLC', 'No amiibo', 'Switch', '5 months ago'),
(84, 'CobChamp', '33m 35s 867ms', 'Normal Mode', 'No DLC', 'No amiibo', 'Switch', '1 week ago'),
(49, 'colemckittrick', '31m 04s 009ms', 'Normal Mode', 'DLC', 'amiibo', 'Switch', '4 months ago'),
(192, 'Colty', '49m 22s 400ms', 'Normal Mode', 'DLC', 'amiibo', 'Switch', '2 years ago'),
(11, 'Cornflake', '27m 53s 600ms', 'Normal Mode', 'DLC', 'amiibo', 'Switch', '2 months ago'),
(222, 'CountCreep', '1h 16m 46s 344ms', 'Normal Mode', 'No DLC', 'No amiibo', 'WiiU', '3 years ago'),
(190, 'CoZmos', '48m 58s 100ms', 'Normal Mode', 'No DLC', 'No amiibo', 'Switch', '3 years ago'),
(56, 'CrazyAZ', '31m 21s', 'Normal Mode', 'DLC', 'amiibo', 'Switch', '1 month ago'),
(52, 'daniel_m1110', '31m 13s 057ms', 'Normal Mode', 'DLC', 'No amiibo', 'Switch', '3 months ago'),
(188, 'Danny514', '48m 45s 400ms', 'Normal Mode', 'DLC', 'No amiibo', 'Switch', '2 years ago'),
(193, 'dannyb', '49m 53s', 'Normal Mode', 'No DLC', 'No amiibo', 'Switch', '3 years ago'),
(43, 'Darin4z', '30m 37s 370ms', 'Normal Mode', 'DLC', 'No amiibo', 'Switch', '1 year ago'),
(118, 'DarkAnice', '37m 58s 660ms', 'Normal Mode', 'DLC', 'No amiibo', 'Switch', '1 year ago'),
(47, 'DatGuyChuck', '30m 51s 910ms', 'Normal Mode', 'DLC', 'No amiibo', 'Switch', '3 months ago'),
(57, 'DaveDotChr', '31m 21s 567ms', 'Normal Mode', 'No DLC', 'No amiibo', 'Switch', '3 months ago'),
(180, 'Davesterio', '47m 16s 270ms', 'Normal Mode', 'No DLC', 'amiibo', 'Switch', '3 years ago'),
(32, 'Demon', '29m 50s 170ms', 'Normal Mode', 'DLC', 'No amiibo', 'Switch', '7 months ago'),
(81, 'Derg3139', '33m 28s 500ms', 'Normal Mode', 'No DLC', 'amiibo', 'Switch', '2 months ago'),
(9, 'Destructor', '27m 13s 167ms', 'Normal Mode', 'No DLC', 'amiibo', 'Switch', '1 month ago'),
(107, 'DMorio', '36m 10s 064ms', 'Normal Mode', 'DLC', 'No amiibo', 'Switch', '7 months ago'),
(149, 'doraplayz', '42m 32s 987ms', 'Normal Mode', 'DLC', 'No amiibo', 'Switch', '9 months ago'),
(176, 'Drewave', '46m 54s 600ms', 'Normal Mode', 'DLC', 'No amiibo', 'Switch', '3 years ago'),
(78, 'Dudenificent', '33m 17s', 'Normal Mode', 'DLC', 'amiibo', 'Switch', '2 weeks ago'),
(183, 'Dysprosium', '47m 53s 900ms', 'Normal Mode', 'No DLC', 'No amiibo', 'Switch', '3 years ago'),
(186, 'EazySpeezy', '48m 13s 934ms', 'Normal Mode', 'DLC', 'No amiibo', 'Switch', '10 months ago'),
(214, 'editbtwttv', '1h 01m 39s', 'Normal Mode', 'DLC', 'No amiibo', 'Switch', '1 year ago'),
(145, 'EliteMist', '41m 41s', 'Normal Mode', 'DLC', 'No amiibo', 'Switch', '1 year ago'),
(144, 'Elite_Soba', '41m 34s 300ms', 'Normal Mode', 'No DLC', 'No amiibo', 'Switch', '3 months ago'),
(167, 'Enkidudu44', '45m 21s 200ms', 'Normal Mode', 'DLC', 'No amiibo', 'Switch', '3 years ago'),
(171, 'enu', '46m 07s 400ms', 'Normal Mode', 'No DLC', 'No amiibo', 'WiiU', '3 years ago'),
(152, 'EP_Fang', '42m 51s 340ms', 'Normal Mode', 'DLC', 'No amiibo', 'Switch', '3 weeks ago'),
(228, 'EraNovum', '3h 26m 47s 700ms', 'Normal Mode', 'DLC', 'amiibo', 'Switch', '1 year ago'),
(224, 'Ergheiz_Zero', '1h 37m 53s 600ms', 'Normal Mode', 'No DLC', 'No amiibo', 'Switch', '3 years ago'),
(65, 'Ethanfo', '31m 42s 367ms', 'Normal Mode', 'DLC', 'amiibo', 'Switch', '2 months ago'),
(90, 'ethanofdoom', '34m 06s 133ms', 'Normal Mode', 'No DLC', 'No amiibo', 'Switch', '2 months ago'),
(78, 'EvanEdits', '33m 17s 000ms', 'Normal Mode', 'No DLC', 'No amiibo', 'Switch', '4 months ago'),
(120, 'ffuture22', '38m 17s 110ms', 'Normal Mode', 'No DLC', 'No amiibo', 'Switch', '1 year ago'),
(42, 'finagle_a_bagle', '30m 29s 767ms', 'Normal Mode', 'DLC', 'amiibo', 'Switch', '1 month ago'),
(199, 'flee135', '52m 05s', 'Normal Mode', 'No DLC', 'No amiibo', 'Switch', '3 years ago'),
(60, 'Gala', '31m 30s 470ms', 'Normal Mode', 'DLC', 'No amiibo', 'Switch', '11 months ago'),
(13, 'GD_Gurt', '28m 15s 866ms', 'Normal Mode', 'No DLC', 'amiibo', 'Switch', '4 weeks ago'),
(148, 'ggkota', '42m 17s 648ms', 'Normal Mode', 'No DLC', 'No amiibo', 'Switch', '3 years ago'),
(117, 'Ghost1N', '37m 54s', 'Normal Mode', 'DLC', 'No amiibo', 'Switch', '1 year ago'),
(220, 'GiantClam', '1h 08m 08s 340ms', 'Normal Mode', 'DLC', 'No amiibo', 'Switch', '5 months ago'),
(227, 'Goron', '3h 26m 30s 100ms', 'Normal Mode', 'No DLC', 'No amiibo', 'Switch', '3 years ago'),
(85, 'Graveyard', '33m 44s', 'Master Mode', 'DLC', 'amiibo', 'Switch', '3 months ago'),
(226, 'GreenMixTape', '3h 01m 05s', 'Normal Mode', 'No DLC', 'No amiibo', 'Switch', '2 years ago'),
(104, 'GreenSpeed', '35m 30s 067ms', 'Normal Mode', 'DLC', 'No amiibo', 'Switch', '7 months ago'),
(218, 'Gren', '1h 05m 15s', 'Normal Mode', 'No DLC', 'No amiibo', 'Switch', '3 years ago'),
(87, 'gurahamu1404', '33m 52s 740ms', 'Normal Mode', 'DLC', 'No amiibo', 'WiiU', '1 year ago'),
(37, 'Gwosh', '29m 59s 133ms', 'Normal Mode', 'No DLC', 'No amiibo', 'Switch', '7 months ago'),
(92, 'gymnast86', '34m 25s 433ms', 'Normal Mode', 'DLC', 'amiibo', 'Switch', '6 months ago'),
(158, 'Haeze', '43m 50s 200ms', 'Normal Mode', 'DLC', 'No amiibo', 'Switch', '3 years ago'),
(153, 'HalfJaise', '42m 54s 250ms', 'Normal Mode', 'No DLC', 'amiibo', 'WiiU', '3 years ago'),
(27, 'harmjan387', '29m 30s 767ms', 'Normal Mode', 'DLC', 'No amiibo', 'Switch', '4 months ago'),
(125, 'havezen', '39m 03s 200ms', 'Normal Mode', 'No DLC', 'No amiibo', 'WiiU', '4 months ago'),
(163, 'HeilShuckle', '44m 19s 130ms', 'Normal Mode', 'No DLC', 'amiibo', 'Switch', '3 years ago'),
(146, 'Hellios', '42m 00s 096ms', 'Normal Mode', 'DLC', 'No amiibo', 'Switch', '3 months ago'),
(155, 'Hotpot', '43m 14s', 'Master Mode', 'DLC', 'No amiibo', 'WiiU', '1 year ago'),
(124, 'hytm', '38m 58s 960ms', 'Normal Mode', 'No DLC', 'No amiibo', 'Switch', '8 months ago'),
(112, 'iden', '37m 28s 123ms', 'Normal Mode', 'DLC', 'amiibo', 'WiiU', '2 years ago'),
(122, 'Ikkitrix', '38m 21s 500ms', 'Normal Mode', 'No DLC', 'amiibo', 'WiiU', '3 years ago'),
(177, 'IMtendo', '47m 04s 500ms', 'Normal Mode', 'No DLC', 'No amiibo', 'WiiU', '3 years ago'),
(29, 'iTNTPiston', '29m 34s 800ms', 'Normal Mode', 'DLC', 'amiibo', 'Switch', '2 months ago'),
(102, 'jamesvanboxtel', '35m 26s', 'Normal Mode', 'No DLC', 'amiibo', 'Switch', '3 months ago'),
(141, 'JesRX', '41m 22s 094ms', 'Normal Mode', 'No DLC', 'No amiibo', 'Switch', '6 months ago'),
(98, 'joedun', '35m 03s 000ms', 'Normal Mode', 'No DLC', 'No amiibo', 'Switch', '5 months ago'),
(126, 'joro550', '39m 09s 340ms', 'Normal Mode', 'No DLC', 'No amiibo', 'Switch', '9 months ago'),
(219, 'josh916', '1h 07m 43s 100ms', 'Normal Mode', 'DLC', 'No amiibo', 'Switch', '3 years ago'),
(166, 'Julgane', '45m 11s 200ms', 'Normal Mode', 'No DLC', 'No amiibo', 'Switch', '3 years ago'),
(151, 'Junjalgame', '42m 42s 700ms', 'Normal Mode', 'DLC', 'No amiibo', 'WiiU', '1 month ago'),
(53, 'KaoPyro', '31m 13s 068ms', 'Normal Mode', 'DLC', 'No amiibo', 'Switch', '3 months ago'),
(106, 'KChickpea', '35m 50s 008ms', 'Normal Mode', 'DLC', 'No amiibo', 'Switch', '4 months ago'),
(25, 'keikou_yellow', '29m 24s 067ms', 'Normal Mode', 'DLC', 'amiibo', 'Switch', '1 month ago'),
(93, 'Kiesernation1', '34m 29s 280ms', 'Normal Mode', 'DLC', 'amiibo', 'WiiU', '2 years ago'),
(157, 'Koreth', '43m 37s', 'Normal Mode', 'DLC', 'amiibo', 'Switch', '3 weeks ago'),
(96, 'LeftShark_Vevo', '34m 42s 866ms', 'Normal Mode', 'No DLC', 'amiibo', 'Switch', '6 months ago'),
(161, 'Leonostic', '44m 07s 200ms', 'Normal Mode', 'No DLC', 'No amiibo', 'Switch', '3 years ago'),
(196, 'Lexingway', '51m 25s', 'Normal Mode', 'DLC', 'No amiibo', 'Switch', '2 years ago'),
(73, 'LieutenantPeriwinkle', '32m 55s 867ms', 'Normal Mode', 'DLC', 'amiibo', 'Switch', '2 weeks ago'),
(30, 'Limcube', '29m 35s', 'Normal Mode', 'DLC', 'amiibo', 'Switch', '1 month ago'),
(89, 'Linkus7', '34m 05s', 'Normal Mode', 'DLC', 'No amiibo', 'Switch', '1 year ago'),
(139, 'LittleDrummer7', '41m 10s 800ms', 'Normal Mode', 'DLC', 'No amiibo', 'Switch', '2 years ago'),
(191, 'Loganssb', '49m 09s 770ms', 'Normal Mode', 'DLC', 'No amiibo', 'Switch', '10 months ago'),
(162, 'Loloup', '44m 09s 150ms', 'Normal Mode', 'No DLC', 'amiibo', 'Switch', '3 years ago'),
(31, 'LouLouCore', '29m 45s 020ms', 'Normal Mode', 'DLC', 'No amiibo', 'Switch', '1 year ago'),
(115, 'Lucoulouz', '37m 36s 833ms', 'Normal Mode', 'DLC', 'No amiibo', 'Switch', '2 months ago'),
(63, 'LuminaIX', '31m 39s 180ms', 'Normal Mode', 'DLC', 'amiibo', 'Switch', '4 months ago'),
(2, 'Majestic', '26m 31s 300ms', 'Normal Mode', 'No DLC', 'amiibo', 'Switch', '2 months ago'),
(131, 'Majora1313', '39m 54s 820ms', 'Normal Mode', 'DLC', 'No amiibo', 'Switch', '6 days ago'),
(14, 'Makar_090', '28m 18s 240ms', 'Normal Mode', 'DLC', 'amiibo', 'Switch', '1 month ago'),
(200, 'mark_sr', '52m 18s 015ms', 'Normal Mode', 'No DLC', 'No amiibo', 'Switch', '1 week ago'),
(195, 'Melt0n', '50m 44s 270ms', 'Normal Mode', 'No DLC', 'amiibo', 'Switch', '3 years ago'),
(212, 'Meriy', '57m 16s 460ms', 'Normal Mode', 'DLC', 'No amiibo', 'Switch', '1 year ago'),
(10, 'michikusa', '27m 37s 866ms', 'Normal Mode', 'No DLC', 'amiibo', 'Switch', '7 months ago'),
(5, 'Mikey', '27m 01s 900ms', 'Normal Mode', 'DLC', 'amiibo', 'Switch', '1 month ago'),
(16, 'mizu', '28m 23s 600ms', 'Normal Mode', 'DLC', 'amiibo', 'Switch', '1 month ago'),
(34, 'MrPop1', '29m 54s 060ms', 'Normal Mode', 'No DLC', 'No amiibo', 'Switch', '1 year ago'),
(216, 'Mr_Shasta', '1h 03m 53s', 'Normal Mode', 'DLC', 'No amiibo', 'Switch', '3 years ago'),
(133, 'MushyMango', '40m 07s 467ms', 'Normal Mode', 'DLC', 'No amiibo', 'Switch', '1 month ago'),
(169, 'Naoto09', '45m 53s 200ms', 'Normal Mode', 'No DLC', 'amiibo', 'Switch', '3 years ago'),
(55, 'nickfredy', '31m 20s', 'Normal Mode', 'No DLC', 'No amiibo', 'Switch', '1 month ago'),
(58, 'NicroVeda', '31m 23s 886ms', 'Normal Mode', 'DLC', 'No amiibo', 'Switch', '11 months ago'),
(217, 'Nifty_Cent', '1h 04m 43s 310ms', 'Normal Mode', 'DLC', 'No amiibo', 'Switch', '5 months ago'),
(136, 'Nikhil_Not_Nikki', '40m 22s 680ms', 'Normal Mode', 'No DLC', 'No amiibo', 'Switch', '6 months ago'),
(140, 'NOBLETOFU', '41m 20s', 'Normal Mode', 'DLC', 'No amiibo', 'Switch', '3 years ago'),
(54, 'nuzumi', '31m 17s', 'Normal Mode', 'DLC', 'No amiibo', 'Switch', '2 days ago'),
(211, 'omegaevolution', '56m 58s 900ms', 'Normal Mode', 'No DLC', 'No amiibo', 'Switch', '3 years ago'),
(80, 'Orcastraw', '33m 20s', 'Normal Mode', 'DLC', 'amiibo', 'Switch', '10 months ago'),
(45, 'orcrist_gc', '30m 39s 014ms', 'Normal Mode', 'DLC', 'No amiibo', 'Switch', '6 months ago'),
(88, 'otoshi', '33m 53s 043ms', 'Normal Mode', 'DLC', 'No amiibo', 'Switch', '1 year ago'),
(44, 'Outer_Earth', '30m 38s', 'Normal Mode', 'No DLC', 'amiibo', 'Switch', '1 year ago'),
(21, 'PancakeDAWGZ', '28m 57s 833ms', 'Normal Mode', 'DLC', 'amiibo', 'Switch', '4 months ago'),
(210, 'PangBUBBA', '55m 34s', 'Normal Mode', 'DLC', 'No amiibo', 'Switch', '2 years ago'),
(66, 'Paperario', '31m 54s', 'Normal Mode', 'No DLC', 'No amiibo', 'Switch', '1 month ago'),
(72, 'PeaK18', '32m 46s 640ms', 'Normal Mode', 'No DLC', 'No amiibo', 'WiiU', '2 years ago'),
(91, 'Peco_1203', '34m 21s 043ms', 'Normal Mode', 'DLC', 'amiibo', 'Switch', '1 month ago'),
(159, 'phantomorph', '43m 54s 400ms', 'Master Mode', 'DLC', 'amiibo', 'WiiU', '3 years ago'),
(77, 'Pikastroff', '33m 16s', 'Normal Mode', 'No DLC', 'No amiibo', 'Switch', '1 year ago'),
(209, 'pixel', '55m 24s 100ms', 'Normal Mode', 'No DLC', 'No amiibo', 'Switch', '3 years ago'),
(182, 'PlataSmash', '47m 41s', 'Normal Mode', 'DLC', 'No amiibo', 'Switch', '1 year ago'),
(4, 'Player_5', '26m 44s 700ms', 'Normal Mode', 'DLC', 'amiibo', 'Switch', '1 month ago'),
(99, 'PointCrow', '35m 10s', 'Normal Mode', 'DLC', 'No amiibo', 'Switch', '1 month ago'),
(69, 'pokepanda101', '32m 17s 580ms', 'Normal Mode', 'DLC', 'amiibo', 'Switch', '1 month ago'),
(197, 'pretends2know', '51m 41s 940ms', 'Normal Mode', 'DLC', 'amiibo', 'Switch', '2 years ago'),
(130, 'pui', '39m 49s 300ms', 'Normal Mode', 'No DLC', 'amiibo', 'WiiU', '3 years ago'),
(97, 'Puppet', '34m 46s 700ms', 'Normal Mode', 'DLC', 'No amiibo', 'Switch', '2 years ago'),
(59, 'Raix', '31m 29s', 'Normal Mode', 'DLC', 'amiibo', 'Switch', '7 months ago'),
(1, 'rasenurns', '26m 26s 867ms', 'Normal Mode', 'No DLC', 'amiibo', 'Switch', '2 months ago'),
(114, 'Rhad_Runs', '37m 34s 530ms', 'Normal Mode', 'DLC', 'No amiibo', 'Switch', '6 months ago'),
(8, 'Roekoe_', '27m 09s 900ms', 'Normal Mode', 'No DLC', 'amiibo', 'Switch', '1 month ago'),
(174, 'romulostx', '46m 37s 420ms', 'Normal Mode', 'No DLC', 'amiibo', 'Switch', '3 years ago'),
(110, 'ruldibar', '36m 34s 880ms', 'Normal Mode', 'DLC', 'No amiibo', 'WiiU', '1 year ago'),
(132, 'saixx13', '39m 57s 540ms', 'Normal Mode', 'DLC', 'No amiibo', 'Switch', '11 months ago'),
(205, 'Salokin64', '54m 24s 500ms', 'Normal Mode', 'No DLC', 'No amiibo', 'WiiU', '3 years ago'),
(128, 'Samura1man', '39m 41s', 'Normal Mode', 'No DLC', 'No amiibo', 'Switch', '1 year ago'),
(109, 'ScorpionSenator', '36m 33s 006ms', 'Normal Mode', 'DLC', 'No amiibo', 'Switch', '1 month ago'),
(194, 'Segone', '50m 14s 400ms', 'Normal Mode', 'DLC', 'No amiibo', 'WiiU', '2 years ago'),
(208, 'SethBling', '55m 23s 700ms', 'Normal Mode', 'No DLC', 'No amiibo', 'Switch', '3 years ago'),
(202, 'ShadowMuffinMan', '53m 07s 367ms', 'Normal Mode', 'DLC', 'No amiibo', 'Switch', '2 months ago'),
(203, 'shibakee', '53m 27s', 'Normal Mode', 'No DLC', 'No amiibo', 'WiiU', '3 years ago'),
(198, 'shimao522', '52m 04s 091ms', 'Normal Mode', 'No DLC', 'No amiibo', 'Switch', '1 year ago'),
(137, 'Sigmaphied', '40m 28s 500ms', 'Normal Mode', 'DLC', 'amiibo', 'WiiU', '2 years ago'),
(116, 'SiirZax', '37m 47s', 'Normal Mode', 'DLC', 'No amiibo', 'Switch', '3 months ago'),
(165, 'sip64', '44m 40s', 'Normal Mode', 'No DLC', 'No amiibo', 'Switch', '1 year ago'),
(35, 'SirWilliamSSB', '29m 55s 370ms', 'Normal Mode', 'DLC', 'amiibo', 'Switch', '1 month ago'),
(3, 'Sketodara', '26m 43s 333ms', 'Normal Mode', 'No DLC', 'amiibo', 'Switch', '4 months ago'),
(177, 'SKmuffinEXE', '47m 04s 500ms', 'Normal Mode', 'DLC', 'No amiibo', 'WiiU', '2 years ago'),
(213, 'SlaskPrask', '1h 01m 25s 200ms', 'Normal Mode', 'No DLC', 'amiibo', 'Switch', '3 years ago'),
(67, 'Sloop', '32m 03s', 'Normal Mode', 'No DLC', 'No amiibo', 'Switch', '2 months ago'),
(172, 'slothpockets', '46m 30s 019ms', 'Normal Mode', 'DLC', 'No amiibo', 'Switch', '5 months ago'),
(6, 'SlyZorua', '27m 03s 433ms', 'Normal Mode', 'DLC', 'amiibo', 'Switch', '1 month ago'),
(17, 'Smich', '28m 27s 867ms', 'Normal Mode', 'DLC', 'amiibo', 'Switch', '2 months ago'),
(204, 'SpaceCowboi', '53m 57s 200ms', 'Normal Mode', 'No DLC', 'amiibo', 'Switch', '3 years ago'),
(225, 'SpecsNStats', '1h 56m 34s', 'Normal Mode', 'No DLC', 'No amiibo', 'WiiU', '2 years ago'),
(105, 'Sprinkles', '35m 47s 567ms', 'Normal Mode', 'No DLC', 'amiibo', 'Switch', '1 week ago'),
(229, 'Srg6', '6h 08m 58s', 'Normal Mode', 'DLC', 'No amiibo', 'Switch', '2 years ago'),
(12, 'SrTapir', '27m 57s 867ms', 'Normal Mode', 'DLC', 'amiibo', 'Switch', '4 weeks ago'),
(61, 'StorewideBoss69', '31m 36s 880ms', 'Normal Mode', 'DLC', 'amiibo', 'Switch', '1 month ago'),
(94, 'SurprisedPika', '34m 31s 933ms', 'Normal Mode', 'DLC', 'No amiibo', 'Switch', '2 months ago'),
(39, 'sva', '30m 14s 800ms', 'Normal Mode', 'No DLC', 'No amiibo', 'Switch', '1 year ago'),
(164, 'Syntrum', '44m 26s 067ms', 'Normal Mode', 'DLC', 'No amiibo', 'Switch', '1 year ago'),
(154, 'TabooRaptor', '43m 06s 800ms', 'Normal Mode', 'DLC', 'No amiibo', 'Switch', '2 months ago'),
(18, 'TallestThomas', '28m 31s 067ms', 'Normal Mode', 'DLC', 'amiibo', 'Switch', '2 weeks ago'),
(82, 'tao_runs', '33m 29s 370ms', 'Normal Mode', 'No DLC', 'No amiibo', 'Switch', '1 month ago'),
(201, 'Tast3ThaPainbow', '52m 50s 100ms', 'Normal Mode', 'No DLC', 'No amiibo', 'Switch', '3 years ago'),
(15, 'taykage', '28m 21s 867ms', 'Normal Mode', 'No DLC', 'amiibo', 'Switch', '3 months ago'),
(160, 'TheNoPro', '44m 05s', 'Normal Mode', 'No DLC', 'No amiibo', 'Switch', '4 weeks ago'),
(28, 'TheRealNoman', '29m 33s 933ms', 'Normal Mode', 'No DLC', 'amiibo', 'Switch', '2 months ago'),
(179, 'The_Revvy', '47m 14s 360ms', 'Normal Mode', 'DLC', 'amiibo', 'Switch', '2 years ago'),
(23, 'ThisIsKel', '29m 07s', 'Normal Mode', 'DLC', 'amiibo', 'Switch', '5 months ago'),
(67, 'Thunderbolt', '32m 03s', 'Normal Mode', 'DLC', 'No amiibo', 'Switch', '3 months ago'),
(223, 'Tiger_Lotus', '1h 33m 12s 200ms', 'Normal Mode', 'DLC', 'No amiibo', 'Switch', '2 years ago'),
(170, 'TOFU_Knight', '45m 59s 600ms', 'Normal Mode', 'No DLC', 'No amiibo', 'Switch', '3 years ago'),
(24, 'TooGoodMules', '29m 17s 400ms', 'Normal Mode', 'No DLC', 'amiibo', 'Switch', '3 months ago'),
(101, 'Tsyosaghi', '35m 15s', 'Normal Mode', 'DLC', 'No amiibo', 'Switch', '3 weeks ago'),
(138, 'UsujioTarako', '40m 36s 097ms', 'Normal Mode', 'No DLC', 'No amiibo', 'Switch', '4 months ago'),
(71, 'Vaho_Ty', '32m 25s 300ms', 'Normal Mode', 'DLC', 'No amiibo', 'Switch', '4 months ago'),
(189, 'Vallu', '48m 49s 500ms', 'Normal Mode', 'No DLC', 'No amiibo', 'WiiU', '3 years ago'),
(187, 'Venick', '48m 35s 460ms', 'Normal Mode', 'No DLC', 'amiibo', 'WiiU', '3 years ago'),
(168, 'Vespher', '45m 21s 300ms', 'Normal Mode', 'No DLC', 'amiibo', 'Switch', '3 years ago'),
(143, 'Vett77', '41m 33s 540ms', 'Normal Mode', 'DLC', 'No amiibo', 'WiiU', '3 years ago'),
(134, 'Visart', '40m 20s 533ms', 'Normal Mode', 'No DLC', 'No amiibo', 'Switch', '1 month ago'),
(111, 'Vladisvrau', '36m 35s 660ms', 'Normal Mode', 'No DLC', 'No amiibo', 'Switch', '4 months ago'),
(7, 'Wolhaiksong', '27m 08s 500ms', 'Normal Mode', 'No DLC', 'amiibo', 'Switch', '4 months ago'),
(142, 'Worldlyy', '41m 31s 020ms', 'Normal Mode', 'DLC', 'No amiibo', 'Switch', '1 year ago'),
(38, 'xeal_btw', '30m 08s', 'Normal Mode', 'DLC', 'amiibo', 'Switch', '5 months ago'),
(46, 'Xeryph', '30m 41s 067ms', 'Normal Mode', 'No DLC', 'No amiibo', 'Switch', '2 months ago'),
(150, 'Yoshiruns', '42m 34s 620ms', 'Normal Mode', 'No DLC', 'No amiibo', 'WiiU', '1 year ago'),
(76, 'YoYoSwift', '33m 06s', 'Normal Mode', 'No DLC', 'No amiibo', 'Switch', '3 months ago'),
(41, 'YuNarukami', '30m 26s 367ms', 'Normal Mode', 'DLC', 'No amiibo', 'Switch', '1 month ago'),
(48, 'Zarwaldo', '30m 55s 800ms', 'Normal Mode', 'DLC', 'No amiibo', 'Switch', '1 year ago'),
(215, 'zbrown', '1h 02m 56s 600ms', 'Normal Mode', 'DLC', 'No amiibo', 'WiiU', '3 years ago'),
(40, 'Zdi', '30m 20s 900ms', 'Normal Mode', 'DLC', 'No amiibo', 'Switch', '1 year ago'),
(26, 'Zelkys', '29m 28s 333ms', 'Normal Mode', 'DLC', 'amiibo', 'Switch', '1 week ago'),
(36, 'Zinpars', '29m 58s 250ms', 'Normal Mode', NULL, 'amiibo', 'Switch', '6 months ago'),
(123, 'zoedawson', '38m 23s 002ms', 'Normal Mode', 'DLC', 'No amiibo', 'Switch', '1 year ago'),
(103, 'zPainK', '35m 29s 340ms', 'Normal Mode', 'No DLC', 'No amiibo', 'Switch', '2 months ago'),
(185, 'Ætienne', '48m 10s 220ms', 'Normal Mode', 'DLC', 'No amiibo', 'Switch', '4 months ago');
COMMIT;

/*!40101 SET CHARACTER_SET_CLIENT=@OLD_CHARACTER_SET_CLIENT */;
/*!40101 SET CHARACTER_SET_RESULTS=@OLD_CHARACTER_SET_RESULTS */;
/*!40101 SET COLLATION_CONNECTION=@OLD_COLLATION_CONNECTION */;
